,month,SMB_month,HML_month,WML_month,RMW_month,MKT-RF_month
0,2024-12,-0.012000772821663452,0.04298489851162235,,0.016632506332698416,-0.45132646499779516
1,2024-12,-0.012000772821663452,0.04298489851162235,,0.016632506332698416,-0.45132646499779516
2,2024-12,-0.012000772821663452,0.04298489851162235,,0.016632506332698416,-0.45132646499779516
3,2024-12,-0.012000772821663452,0.04298489851162235,,0.016632506332698416,-0.45132646499779516
4,2024-12,-0.012000772821663452,0.04298489851162235,,0.016632506332698416,-0.45132646499779516
5,2024-12,-0.012000772821663452,0.04298489851162235,,0.016632506332698416,-0.45132646499779516
6,2024-12,-0.012000772821663452,0.04298489851162235,,0.016632506332698416,-0.45132646499779516
7,2024-12,-0.012000772821663452,0.04298489851162235,,0.016632506332698416,-0.45132646499779516
8,2024-12,-0.012000772821663452,0.04298489851162235,,0.016632506332698416,-0.45132646499779516
9,2024-12,-0.012000772821663452,0.04298489851162235,,0.016632506332698416,-0.45132646499779516
10,2024-12,-0.012000772821663452,0.04298489851162235,,0.016632506332698416,-0.45132646499779516
11,2024-12,-0.012000772821663452,0.04298489851162235,,0.016632506332698416,-0.45132646499779516
12,2024-12,-0.012000772821663452,0.04298489851162235,,0.016632506332698416,-0.45132646499779516
13,2024-12,-0.012000772821663452,0.04298489851162235,,0.016632506332698416,-0.45132646499779516
14,2024-12,-0.012000772821663452,0.04298489851162235,,0.016632506332698416,-0.45132646499779516
15,2024-12,-0.012000772821663452,0.04298489851162235,,0.016632506332698416,-0.45132646499779516
16,2024-12,-0.012000772821663452,0.04298489851162235,,0.016632506332698416,-0.45132646499779516
17,2024-12,-0.012000772821663452,0.04298489851162235,,0.016632506332698416,-0.45132646499779516
18,2024-12,-0.012000772821663452,0.04298489851162235,,0.016632506332698416,-0.45132646499779516
19,2024-11,0.02412625129821455,-0.05778656797864501,-0.027212615356630443,-0.030093534633106822,-0.4824996151111456
20,2024-11,0.02412625129821455,-0.05778656797864501,-0.027212615356630443,-0.030093534633106822,-0.4824996151111456
21,2024-11,0.02412625129821455,-0.05778656797864501,-0.027212615356630443,-0.030093534633106822,-0.4824996151111456
22,2024-11,0.02412625129821455,-0.05778656797864501,-0.027212615356630443,-0.030093534633106822,-0.4824996151111456
23,2024-11,0.02412625129821455,-0.05778656797864501,-0.027212615356630443,-0.030093534633106822,-0.4824996151111456
24,2024-11,0.02412625129821455,-0.05778656797864501,-0.027212615356630443,-0.030093534633106822,-0.4824996151111456
25,2024-11,0.02412625129821455,-0.05778656797864501,-0.027212615356630443,-0.030093534633106822,-0.4824996151111456
26,2024-11,0.02412625129821455,-0.05778656797864501,-0.027212615356630443,-0.030093534633106822,-0.4824996151111456
27,2024-11,0.02412625129821455,-0.05778656797864501,-0.027212615356630443,-0.030093534633106822,-0.4824996151111456
28,2024-11,0.02412625129821455,-0.05778656797864501,-0.027212615356630443,-0.030093534633106822,-0.4824996151111456
29,2024-11,0.02412625129821455,-0.05778656797864501,-0.027212615356630443,-0.030093534633106822,-0.4824996151111456
30,2024-11,0.02412625129821455,-0.05778656797864501,-0.027212615356630443,-0.030093534633106822,-0.4824996151111456
31,2024-11,0.02412625129821455,-0.05778656797864501,-0.027212615356630443,-0.030093534633106822,-0.4824996151111456
32,2024-11,0.02412625129821455,-0.05778656797864501,-0.027212615356630443,-0.030093534633106822,-0.4824996151111456
33,2024-11,0.02412625129821455,-0.05778656797864501,-0.027212615356630443,-0.030093534633106822,-0.4824996151111456
34,2024-11,0.02412625129821455,-0.05778656797864501,-0.027212615356630443,-0.030093534633106822,-0.4824996151111456
35,2024-11,0.02412625129821455,-0.05778656797864501,-0.027212615356630443,-0.030093534633106822,-0.4824996151111456
36,2024-11,0.02412625129821455,-0.05778656797864501,-0.027212615356630443,-0.030093534633106822,-0.4824996151111456
37,2024-11,0.02412625129821455,-0.05778656797864501,-0.027212615356630443,-0.030093534633106822,-0.4824996151111456
38,2024-10,-0.04366836473935254,0.013619878314629519,0.01545783142444801,0.004716456096750532,-0.5426225994197518
39,2024-10,-0.04366836473935254,0.013619878314629519,0.01545783142444801,0.004716456096750532,-0.5426225994197518
40,2024-10,-0.04366836473935254,0.013619878314629519,0.01545783142444801,0.004716456096750532,-0.5426225994197518
41,2024-10,-0.04366836473935254,0.013619878314629519,0.01545783142444801,0.004716456096750532,-0.5426225994197518
42,2024-10,-0.04366836473935254,0.013619878314629519,0.01545783142444801,0.004716456096750532,-0.5426225994197518
43,2024-10,-0.04366836473935254,0.013619878314629519,0.01545783142444801,0.004716456096750532,-0.5426225994197518
44,2024-10,-0.04366836473935254,0.013619878314629519,0.01545783142444801,0.004716456096750532,-0.5426225994197518
45,2024-10,-0.04366836473935254,0.013619878314629519,0.01545783142444801,0.004716456096750532,-0.5426225994197518
46,2024-10,-0.04366836473935254,0.013619878314629519,0.01545783142444801,0.004716456096750532,-0.5426225994197518
47,2024-10,-0.04366836473935254,0.013619878314629519,0.01545783142444801,0.004716456096750532,-0.5426225994197518
48,2024-10,-0.04366836473935254,0.013619878314629519,0.01545783142444801,0.004716456096750532,-0.5426225994197518
49,2024-10,-0.04366836473935254,0.013619878314629519,0.01545783142444801,0.004716456096750532,-0.5426225994197518
50,2024-10,-0.04366836473935254,0.013619878314629519,0.01545783142444801,0.004716456096750532,-0.5426225994197518
51,2024-10,-0.04366836473935254,0.013619878314629519,0.01545783142444801,0.004716456096750532,-0.5426225994197518
52,2024-10,-0.04366836473935254,0.013619878314629519,0.01545783142444801,0.004716456096750532,-0.5426225994197518
53,2024-10,-0.04366836473935254,0.013619878314629519,0.01545783142444801,0.004716456096750532,-0.5426225994197518
54,2024-10,-0.04366836473935254,0.013619878314629519,0.01545783142444801,0.004716456096750532,-0.5426225994197518
55,2024-10,-0.04366836473935254,0.013619878314629519,0.01545783142444801,0.004716456096750532,-0.5426225994197518
56,2024-10,-0.04366836473935254,0.013619878314629519,0.01545783142444801,0.004716456096750532,-0.5426225994197518
57,2024-10,-0.04366836473935254,0.013619878314629519,0.01545783142444801,0.004716456096750532,-0.5426225994197518
58,2024-10,-0.04366836473935254,0.013619878314629519,0.01545783142444801,0.004716456096750532,-0.5426225994197518
59,2024-10,-0.04366836473935254,0.013619878314629519,0.01545783142444801,0.004716456096750532,-0.5426225994197518
60,2024-10,-0.04366836473935254,0.013619878314629519,0.01545783142444801,0.004716456096750532,-0.5426225994197518
61,2024-09,0.047029365790669075,-0.029777964821660063,0.020162252741609876,0.017911969497769187,-0.48559382386006666
62,2024-09,0.047029365790669075,-0.029777964821660063,0.020162252741609876,0.017911969497769187,-0.48559382386006666
63,2024-09,0.047029365790669075,-0.029777964821660063,0.020162252741609876,0.017911969497769187,-0.48559382386006666
64,2024-09,0.047029365790669075,-0.029777964821660063,0.020162252741609876,0.017911969497769187,-0.48559382386006666
65,2024-09,0.047029365790669075,-0.029777964821660063,0.020162252741609876,0.017911969497769187,-0.48559382386006666
66,2024-09,0.047029365790669075,-0.029777964821660063,0.020162252741609876,0.017911969497769187,-0.48559382386006666
67,2024-09,0.047029365790669075,-0.029777964821660063,0.020162252741609876,0.017911969497769187,-0.48559382386006666
68,2024-09,0.047029365790669075,-0.029777964821660063,0.020162252741609876,0.017911969497769187,-0.48559382386006666
69,2024-09,0.047029365790669075,-0.029777964821660063,0.020162252741609876,0.017911969497769187,-0.48559382386006666
70,2024-09,0.047029365790669075,-0.029777964821660063,0.020162252741609876,0.017911969497769187,-0.48559382386006666
71,2024-09,0.047029365790669075,-0.029777964821660063,0.020162252741609876,0.017911969497769187,-0.48559382386006666
72,2024-09,0.047029365790669075,-0.029777964821660063,0.020162252741609876,0.017911969497769187,-0.48559382386006666
73,2024-09,0.047029365790669075,-0.029777964821660063,0.020162252741609876,0.017911969497769187,-0.48559382386006666
74,2024-09,0.047029365790669075,-0.029777964821660063,0.020162252741609876,0.017911969497769187,-0.48559382386006666
75,2024-09,0.047029365790669075,-0.029777964821660063,0.020162252741609876,0.017911969497769187,-0.48559382386006666
76,2024-09,0.047029365790669075,-0.029777964821660063,0.020162252741609876,0.017911969497769187,-0.48559382386006666
77,2024-09,0.047029365790669075,-0.029777964821660063,0.020162252741609876,0.017911969497769187,-0.48559382386006666
78,2024-09,0.047029365790669075,-0.029777964821660063,0.020162252741609876,0.017911969497769187,-0.48559382386006666
79,2024-09,0.047029365790669075,-0.029777964821660063,0.020162252741609876,0.017911969497769187,-0.48559382386006666
80,2024-08,0.021156235977393578,0.022454943516227344,-0.09250627229586383,0.01734367807984505,-1.1041710774542584
81,2024-08,0.021156235977393578,0.022454943516227344,-0.09250627229586383,0.01734367807984505,-1.1041710774542584
82,2024-08,0.021156235977393578,0.022454943516227344,-0.09250627229586383,0.01734367807984505,-1.1041710774542584
83,2024-08,0.021156235977393578,0.022454943516227344,-0.09250627229586383,0.01734367807984505,-1.1041710774542584
84,2024-08,0.021156235977393578,0.022454943516227344,-0.09250627229586383,0.01734367807984505,-1.1041710774542584
85,2024-08,0.021156235977393578,0.022454943516227344,-0.09250627229586383,0.01734367807984505,-1.1041710774542584
86,2024-08,0.021156235977393578,0.022454943516227344,-0.09250627229586383,0.01734367807984505,-1.1041710774542584
87,2024-08,0.021156235977393578,0.022454943516227344,-0.09250627229586383,0.01734367807984505,-1.1041710774542584
88,2024-08,0.021156235977393578,0.022454943516227344,-0.09250627229586383,0.01734367807984505,-1.1041710774542584
89,2024-08,0.021156235977393578,0.022454943516227344,-0.09250627229586383,0.01734367807984505,-1.1041710774542584
90,2024-08,0.021156235977393578,0.022454943516227344,-0.09250627229586383,0.01734367807984505,-1.1041710774542584
91,2024-08,0.021156235977393578,0.022454943516227344,-0.09250627229586383,0.01734367807984505,-1.1041710774542584
92,2024-08,0.021156235977393578,0.022454943516227344,-0.09250627229586383,0.01734367807984505,-1.1041710774542584
93,2024-08,0.021156235977393578,0.022454943516227344,-0.09250627229586383,0.01734367807984505,-1.1041710774542584
94,2024-08,0.021156235977393578,0.022454943516227344,-0.09250627229586383,0.01734367807984505,-1.1041710774542584
95,2024-08,0.021156235977393578,0.022454943516227344,-0.09250627229586383,0.01734367807984505,-1.1041710774542584
96,2024-08,0.021156235977393578,0.022454943516227344,-0.09250627229586383,0.01734367807984505,-1.1041710774542584
97,2024-08,0.021156235977393578,0.022454943516227344,-0.09250627229586383,0.01734367807984505,-1.1041710774542584
98,2024-08,0.021156235977393578,0.022454943516227344,-0.09250627229586383,0.01734367807984505,-1.1041710774542584
99,2024-07,0.04024747709319998,-0.00886925107485037,-0.045428933502703495,0.031088325059115185,-0.5780565008929968
100,2024-07,0.04024747709319998,-0.00886925107485037,-0.045428933502703495,0.031088325059115185,-0.5780565008929968
101,2024-07,0.04024747709319998,-0.00886925107485037,-0.045428933502703495,0.031088325059115185,-0.5780565008929968
102,2024-07,0.04024747709319998,-0.00886925107485037,-0.045428933502703495,0.031088325059115185,-0.5780565008929968
103,2024-07,0.04024747709319998,-0.00886925107485037,-0.045428933502703495,0.031088325059115185,-0.5780565008929968
104,2024-07,0.04024747709319998,-0.00886925107485037,-0.045428933502703495,0.031088325059115185,-0.5780565008929968
105,2024-07,0.04024747709319998,-0.00886925107485037,-0.045428933502703495,0.031088325059115185,-0.5780565008929968
106,2024-07,0.04024747709319998,-0.00886925107485037,-0.045428933502703495,0.031088325059115185,-0.5780565008929968
107,2024-07,0.04024747709319998,-0.00886925107485037,-0.045428933502703495,0.031088325059115185,-0.5780565008929968
108,2024-07,0.04024747709319998,-0.00886925107485037,-0.045428933502703495,0.031088325059115185,-0.5780565008929968
109,2024-07,0.04024747709319998,-0.00886925107485037,-0.045428933502703495,0.031088325059115185,-0.5780565008929968
110,2024-07,0.04024747709319998,-0.00886925107485037,-0.045428933502703495,0.031088325059115185,-0.5780565008929968
111,2024-07,0.04024747709319998,-0.00886925107485037,-0.045428933502703495,0.031088325059115185,-0.5780565008929968
112,2024-07,0.04024747709319998,-0.00886925107485037,-0.045428933502703495,0.031088325059115185,-0.5780565008929968
113,2024-07,0.04024747709319998,-0.00886925107485037,-0.045428933502703495,0.031088325059115185,-0.5780565008929968
114,2024-07,0.04024747709319998,-0.00886925107485037,-0.045428933502703495,0.031088325059115185,-0.5780565008929968
115,2024-07,0.04024747709319998,-0.00886925107485037,-0.045428933502703495,0.031088325059115185,-0.5780565008929968
116,2024-07,0.04024747709319998,-0.00886925107485037,-0.045428933502703495,0.031088325059115185,-0.5780565008929968
117,2024-07,0.04024747709319998,-0.00886925107485037,-0.045428933502703495,0.031088325059115185,-0.5780565008929968
118,2024-07,0.04024747709319998,-0.00886925107485037,-0.045428933502703495,0.031088325059115185,-0.5780565008929968
119,2024-07,0.04024747709319998,-0.00886925107485037,-0.045428933502703495,0.031088325059115185,-0.5780565008929968
120,2024-07,0.04024747709319998,-0.00886925107485037,-0.045428933502703495,0.031088325059115185,-0.5780565008929968
121,2024-06,-0.01193985810190934,-0.015780757308982984,0.021547862016691566,0.008540285103284528,-0.5016520387561585
122,2024-06,-0.01193985810190934,-0.015780757308982984,0.021547862016691566,0.008540285103284528,-0.5016520387561585
123,2024-06,-0.01193985810190934,-0.015780757308982984,0.021547862016691566,0.008540285103284528,-0.5016520387561585
124,2024-06,-0.01193985810190934,-0.015780757308982984,0.021547862016691566,0.008540285103284528,-0.5016520387561585
125,2024-06,-0.01193985810190934,-0.015780757308982984,0.021547862016691566,0.008540285103284528,-0.5016520387561585
126,2024-06,-0.01193985810190934,-0.015780757308982984,0.021547862016691566,0.008540285103284528,-0.5016520387561585
127,2024-06,-0.01193985810190934,-0.015780757308982984,0.021547862016691566,0.008540285103284528,-0.5016520387561585
128,2024-06,-0.01193985810190934,-0.015780757308982984,0.021547862016691566,0.008540285103284528,-0.5016520387561585
129,2024-06,-0.01193985810190934,-0.015780757308982984,0.021547862016691566,0.008540285103284528,-0.5016520387561585
130,2024-06,-0.01193985810190934,-0.015780757308982984,0.021547862016691566,0.008540285103284528,-0.5016520387561585
131,2024-06,-0.01193985810190934,-0.015780757308982984,0.021547862016691566,0.008540285103284528,-0.5016520387561585
132,2024-06,-0.01193985810190934,-0.015780757308982984,0.021547862016691566,0.008540285103284528,-0.5016520387561585
133,2024-06,-0.01193985810190934,-0.015780757308982984,0.021547862016691566,0.008540285103284528,-0.5016520387561585
134,2024-06,-0.01193985810190934,-0.015780757308982984,0.021547862016691566,0.008540285103284528,-0.5016520387561585
135,2024-06,-0.01193985810190934,-0.015780757308982984,0.021547862016691566,0.008540285103284528,-0.5016520387561585
136,2024-06,-0.01193985810190934,-0.015780757308982984,0.021547862016691566,0.008540285103284528,-0.5016520387561585
137,2024-06,-0.01193985810190934,-0.015780757308982984,0.021547862016691566,0.008540285103284528,-0.5016520387561585
138,2024-06,-0.01193985810190934,-0.015780757308982984,0.021547862016691566,0.008540285103284528,-0.5016520387561585
139,2024-05,-0.0047161207927817195,0.009841283253006372,-0.016064502479678056,-0.0024863294274239944,-0.5761460262633737
140,2024-05,-0.0047161207927817195,0.009841283253006372,-0.016064502479678056,-0.0024863294274239944,-0.5761460262633737
141,2024-05,-0.0047161207927817195,0.009841283253006372,-0.016064502479678056,-0.0024863294274239944,-0.5761460262633737
142,2024-05,-0.0047161207927817195,0.009841283253006372,-0.016064502479678056,-0.0024863294274239944,-0.5761460262633737
143,2024-05,-0.0047161207927817195,0.009841283253006372,-0.016064502479678056,-0.0024863294274239944,-0.5761460262633737
144,2024-05,-0.0047161207927817195,0.009841283253006372,-0.016064502479678056,-0.0024863294274239944,-0.5761460262633737
145,2024-05,-0.0047161207927817195,0.009841283253006372,-0.016064502479678056,-0.0024863294274239944,-0.5761460262633737
146,2024-05,-0.0047161207927817195,0.009841283253006372,-0.016064502479678056,-0.0024863294274239944,-0.5761460262633737
147,2024-05,-0.0047161207927817195,0.009841283253006372,-0.016064502479678056,-0.0024863294274239944,-0.5761460262633737
148,2024-05,-0.0047161207927817195,0.009841283253006372,-0.016064502479678056,-0.0024863294274239944,-0.5761460262633737
149,2024-05,-0.0047161207927817195,0.009841283253006372,-0.016064502479678056,-0.0024863294274239944,-0.5761460262633737
150,2024-05,-0.0047161207927817195,0.009841283253006372,-0.016064502479678056,-0.0024863294274239944,-0.5761460262633737
151,2024-05,-0.0047161207927817195,0.009841283253006372,-0.016064502479678056,-0.0024863294274239944,-0.5761460262633737
152,2024-05,-0.0047161207927817195,0.009841283253006372,-0.016064502479678056,-0.0024863294274239944,-0.5761460262633737
153,2024-05,-0.0047161207927817195,0.009841283253006372,-0.016064502479678056,-0.0024863294274239944,-0.5761460262633737
154,2024-05,-0.0047161207927817195,0.009841283253006372,-0.016064502479678056,-0.0024863294274239944,-0.5761460262633737
155,2024-05,-0.0047161207927817195,0.009841283253006372,-0.016064502479678056,-0.0024863294274239944,-0.5761460262633737
156,2024-05,-0.0047161207927817195,0.009841283253006372,-0.016064502479678056,-0.0024863294274239944,-0.5761460262633737
157,2024-05,-0.0047161207927817195,0.009841283253006372,-0.016064502479678056,-0.0024863294274239944,-0.5761460262633737
158,2024-05,-0.0047161207927817195,0.009841283253006372,-0.016064502479678056,-0.0024863294274239944,-0.5761460262633737
159,2024-05,-0.0047161207927817195,0.009841283253006372,-0.016064502479678056,-0.0024863294274239944,-0.5761460262633737
160,2024-05,-0.0047161207927817195,0.009841283253006372,-0.016064502479678056,-0.0024863294274239944,-0.5761460262633737
161,2024-04,0.06692683484665984,-0.020917968618623828,0.0024373773786803277,0.01859168927923438,-0.536013177814578
162,2024-04,0.06692683484665984,-0.020917968618623828,0.0024373773786803277,0.01859168927923438,-0.536013177814578
163,2024-04,0.06692683484665984,-0.020917968618623828,0.0024373773786803277,0.01859168927923438,-0.536013177814578
164,2024-04,0.06692683484665984,-0.020917968618623828,0.0024373773786803277,0.01859168927923438,-0.536013177814578
165,2024-04,0.06692683484665984,-0.020917968618623828,0.0024373773786803277,0.01859168927923438,-0.536013177814578
166,2024-04,0.06692683484665984,-0.020917968618623828,0.0024373773786803277,0.01859168927923438,-0.536013177814578
167,2024-04,0.06692683484665984,-0.020917968618623828,0.0024373773786803277,0.01859168927923438,-0.536013177814578
168,2024-04,0.06692683484665984,-0.020917968618623828,0.0024373773786803277,0.01859168927923438,-0.536013177814578
169,2024-04,0.06692683484665984,-0.020917968618623828,0.0024373773786803277,0.01859168927923438,-0.536013177814578
170,2024-04,0.06692683484665984,-0.020917968618623828,0.0024373773786803277,0.01859168927923438,-0.536013177814578
171,2024-04,0.06692683484665984,-0.020917968618623828,0.0024373773786803277,0.01859168927923438,-0.536013177814578
172,2024-04,0.06692683484665984,-0.020917968618623828,0.0024373773786803277,0.01859168927923438,-0.536013177814578
173,2024-04,0.06692683484665984,-0.020917968618623828,0.0024373773786803277,0.01859168927923438,-0.536013177814578
174,2024-04,0.06692683484665984,-0.020917968618623828,0.0024373773786803277,0.01859168927923438,-0.536013177814578
175,2024-04,0.06692683484665984,-0.020917968618623828,0.0024373773786803277,0.01859168927923438,-0.536013177814578
176,2024-04,0.06692683484665984,-0.020917968618623828,0.0024373773786803277,0.01859168927923438,-0.536013177814578
177,2024-04,0.06692683484665984,-0.020917968618623828,0.0024373773786803277,0.01859168927923438,-0.536013177814578
178,2024-04,0.06692683484665984,-0.020917968618623828,0.0024373773786803277,0.01859168927923438,-0.536013177814578
179,2024-04,0.06692683484665984,-0.020917968618623828,0.0024373773786803277,0.01859168927923438,-0.536013177814578
180,2024-03,-0.02318444680746068,0.0021125069780842942,-0.006644014331973813,0.016298671079264304,-0.5590865051460963
181,2024-03,-0.02318444680746068,0.0021125069780842942,-0.006644014331973813,0.016298671079264304,-0.5590865051460963
182,2024-03,-0.02318444680746068,0.0021125069780842942,-0.006644014331973813,0.016298671079264304,-0.5590865051460963
183,2024-03,-0.02318444680746068,0.0021125069780842942,-0.006644014331973813,0.016298671079264304,-0.5590865051460963
184,2024-03,-0.02318444680746068,0.0021125069780842942,-0.006644014331973813,0.016298671079264304,-0.5590865051460963
185,2024-03,-0.02318444680746068,0.0021125069780842942,-0.006644014331973813,0.016298671079264304,-0.5590865051460963
186,2024-03,-0.02318444680746068,0.0021125069780842942,-0.006644014331973813,0.016298671079264304,-0.5590865051460963
187,2024-03,-0.02318444680746068,0.0021125069780842942,-0.006644014331973813,0.016298671079264304,-0.5590865051460963
188,2024-03,-0.02318444680746068,0.0021125069780842942,-0.006644014331973813,0.016298671079264304,-0.5590865051460963
189,2024-03,-0.02318444680746068,0.0021125069780842942,-0.006644014331973813,0.016298671079264304,-0.5590865051460963
190,2024-03,-0.02318444680746068,0.0021125069780842942,-0.006644014331973813,0.016298671079264304,-0.5590865051460963
191,2024-03,-0.02318444680746068,0.0021125069780842942,-0.006644014331973813,0.016298671079264304,-0.5590865051460963
192,2024-03,-0.02318444680746068,0.0021125069780842942,-0.006644014331973813,0.016298671079264304,-0.5590865051460963
193,2024-03,-0.02318444680746068,0.0021125069780842942,-0.006644014331973813,0.016298671079264304,-0.5590865051460963
194,2024-03,-0.02318444680746068,0.0021125069780842942,-0.006644014331973813,0.016298671079264304,-0.5590865051460963
195,2024-03,-0.02318444680746068,0.0021125069780842942,-0.006644014331973813,0.016298671079264304,-0.5590865051460963
196,2024-03,-0.02318444680746068,0.0021125069780842942,-0.006644014331973813,0.016298671079264304,-0.5590865051460963
197,2024-03,-0.02318444680746068,0.0021125069780842942,-0.006644014331973813,0.016298671079264304,-0.5590865051460963
198,2024-03,-0.02318444680746068,0.0021125069780842942,-0.006644014331973813,0.016298671079264304,-0.5590865051460963
199,2024-03,-0.02318444680746068,0.0021125069780842942,-0.006644014331973813,0.016298671079264304,-0.5590865051460963
200,2024-03,-0.02318444680746068,0.0021125069780842942,-0.006644014331973813,0.016298671079264304,-0.5590865051460963
201,2024-02,0.0621400348918264,-0.03311128814170183,0.01612584709378373,-0.03884405379744127,-0.5872638016723066
202,2024-02,0.0621400348918264,-0.03311128814170183,0.01612584709378373,-0.03884405379744127,-0.5872638016723066
203,2024-02,0.0621400348918264,-0.03311128814170183,0.01612584709378373,-0.03884405379744127,-0.5872638016723066
204,2024-02,0.0621400348918264,-0.03311128814170183,0.01612584709378373,-0.03884405379744127,-0.5872638016723066
205,2024-02,0.0621400348918264,-0.03311128814170183,0.01612584709378373,-0.03884405379744127,-0.5872638016723066
206,2024-02,0.0621400348918264,-0.03311128814170183,0.01612584709378373,-0.03884405379744127,-0.5872638016723066
207,2024-02,0.0621400348918264,-0.03311128814170183,0.01612584709378373,-0.03884405379744127,-0.5872638016723066
208,2024-02,0.0621400348918264,-0.03311128814170183,0.01612584709378373,-0.03884405379744127,-0.5872638016723066
209,2024-02,0.0621400348918264,-0.03311128814170183,0.01612584709378373,-0.03884405379744127,-0.5872638016723066
210,2024-02,0.0621400348918264,-0.03311128814170183,0.01612584709378373,-0.03884405379744127,-0.5872638016723066
211,2024-02,0.0621400348918264,-0.03311128814170183,0.01612584709378373,-0.03884405379744127,-0.5872638016723066
212,2024-02,0.0621400348918264,-0.03311128814170183,0.01612584709378373,-0.03884405379744127,-0.5872638016723066
213,2024-02,0.0621400348918264,-0.03311128814170183,0.01612584709378373,-0.03884405379744127,-0.5872638016723066
214,2024-02,0.0621400348918264,-0.03311128814170183,0.01612584709378373,-0.03884405379744127,-0.5872638016723066
215,2024-02,0.0621400348918264,-0.03311128814170183,0.01612584709378373,-0.03884405379744127,-0.5872638016723066
216,2024-02,0.0621400348918264,-0.03311128814170183,0.01612584709378373,-0.03884405379744127,-0.5872638016723066
217,2024-02,0.0621400348918264,-0.03311128814170183,0.01612584709378373,-0.03884405379744127,-0.5872638016723066
218,2024-02,0.0621400348918264,-0.03311128814170183,0.01612584709378373,-0.03884405379744127,-0.5872638016723066
219,2024-02,0.0621400348918264,-0.03311128814170183,0.01612584709378373,-0.03884405379744127,-0.5872638016723066
220,2024-02,0.0621400348918264,-0.03311128814170183,0.01612584709378373,-0.03884405379744127,-0.5872638016723066
221,2024-02,0.0621400348918264,-0.03311128814170183,0.01612584709378373,-0.03884405379744127,-0.5872638016723066
222,2024-01,0.058284679436581,-0.023064851307667,0.03926958608968967,0.019928303288871962,-0.5782670373236315
223,2024-01,0.058284679436581,-0.023064851307667,0.03926958608968967,0.019928303288871962,-0.5782670373236315
224,2024-01,0.058284679436581,-0.023064851307667,0.03926958608968967,0.019928303288871962,-0.5782670373236315
225,2024-01,0.058284679436581,-0.023064851307667,0.03926958608968967,0.019928303288871962,-0.5782670373236315
226,2024-01,0.058284679436581,-0.023064851307667,0.03926958608968967,0.019928303288871962,-0.5782670373236315
227,2024-01,0.058284679436581,-0.023064851307667,0.03926958608968967,0.019928303288871962,-0.5782670373236315
228,2024-01,0.058284679436581,-0.023064851307667,0.03926958608968967,0.019928303288871962,-0.5782670373236315
229,2024-01,0.058284679436581,-0.023064851307667,0.03926958608968967,0.019928303288871962,-0.5782670373236315
230,2024-01,0.058284679436581,-0.023064851307667,0.03926958608968967,0.019928303288871962,-0.5782670373236315
231,2024-01,0.058284679436581,-0.023064851307667,0.03926958608968967,0.019928303288871962,-0.5782670373236315
232,2024-01,0.058284679436581,-0.023064851307667,0.03926958608968967,0.019928303288871962,-0.5782670373236315
233,2024-01,0.058284679436581,-0.023064851307667,0.03926958608968967,0.019928303288871962,-0.5782670373236315
234,2024-01,0.058284679436581,-0.023064851307667,0.03926958608968967,0.019928303288871962,-0.5782670373236315
235,2024-01,0.058284679436581,-0.023064851307667,0.03926958608968967,0.019928303288871962,-0.5782670373236315
236,2024-01,0.058284679436581,-0.023064851307667,0.03926958608968967,0.019928303288871962,-0.5782670373236315
237,2024-01,0.058284679436581,-0.023064851307667,0.03926958608968967,0.019928303288871962,-0.5782670373236315
238,2024-01,0.058284679436581,-0.023064851307667,0.03926958608968967,0.019928303288871962,-0.5782670373236315
239,2024-01,0.058284679436581,-0.023064851307667,0.03926958608968967,0.019928303288871962,-0.5782670373236315
240,2024-01,0.058284679436581,-0.023064851307667,0.03926958608968967,0.019928303288871962,-0.5782670373236315
241,2024-01,0.058284679436581,-0.023064851307667,0.03926958608968967,0.019928303288871962,-0.5782670373236315
242,2024-01,0.058284679436581,-0.023064851307667,0.03926958608968967,0.019928303288871962,-0.5782670373236315
243,2023-12,0.030898767129574845,-0.024711102382499295,0.0004164390882357427,-0.0030319910498129987,-0.6016957593971395
244,2023-12,0.030898767129574845,-0.024711102382499295,0.0004164390882357427,-0.0030319910498129987,-0.6016957593971395
245,2023-12,0.030898767129574845,-0.024711102382499295,0.0004164390882357427,-0.0030319910498129987,-0.6016957593971395
246,2023-12,0.030898767129574845,-0.024711102382499295,0.0004164390882357427,-0.0030319910498129987,-0.6016957593971395
247,2023-12,0.030898767129574845,-0.024711102382499295,0.0004164390882357427,-0.0030319910498129987,-0.6016957593971395
248,2023-12,0.030898767129574845,-0.024711102382499295,0.0004164390882357427,-0.0030319910498129987,-0.6016957593971395
249,2023-12,0.030898767129574845,-0.024711102382499295,0.0004164390882357427,-0.0030319910498129987,-0.6016957593971395
250,2023-12,0.030898767129574845,-0.024711102382499295,0.0004164390882357427,-0.0030319910498129987,-0.6016957593971395
251,2023-12,0.030898767129574845,-0.024711102382499295,0.0004164390882357427,-0.0030319910498129987,-0.6016957593971395
252,2023-12,0.030898767129574845,-0.024711102382499295,0.0004164390882357427,-0.0030319910498129987,-0.6016957593971395
253,2023-12,0.030898767129574845,-0.024711102382499295,0.0004164390882357427,-0.0030319910498129987,-0.6016957593971395
254,2023-12,0.030898767129574845,-0.024711102382499295,0.0004164390882357427,-0.0030319910498129987,-0.6016957593971395
255,2023-12,0.030898767129574845,-0.024711102382499295,0.0004164390882357427,-0.0030319910498129987,-0.6016957593971395
256,2023-12,0.030898767129574845,-0.024711102382499295,0.0004164390882357427,-0.0030319910498129987,-0.6016957593971395
257,2023-12,0.030898767129574845,-0.024711102382499295,0.0004164390882357427,-0.0030319910498129987,-0.6016957593971395
258,2023-12,0.030898767129574845,-0.024711102382499295,0.0004164390882357427,-0.0030319910498129987,-0.6016957593971395
259,2023-12,0.030898767129574845,-0.024711102382499295,0.0004164390882357427,-0.0030319910498129987,-0.6016957593971395
260,2023-12,0.030898767129574845,-0.024711102382499295,0.0004164390882357427,-0.0030319910498129987,-0.6016957593971395
261,2023-12,0.030898767129574845,-0.024711102382499295,0.0004164390882357427,-0.0030319910498129987,-0.6016957593971395
262,2023-12,0.030898767129574845,-0.024711102382499295,0.0004164390882357427,-0.0030319910498129987,-0.6016957593971395
263,2023-12,0.030898767129574845,-0.024711102382499295,0.0004164390882357427,-0.0030319910498129987,-0.6016957593971395
264,2023-11,-0.06798534200588036,0.0023048574057280558,-0.0020470687102727148,0.013308109259068779,-0.5930980459005222
265,2023-11,-0.06798534200588036,0.0023048574057280558,-0.0020470687102727148,0.013308109259068779,-0.5930980459005222
266,2023-11,-0.06798534200588036,0.0023048574057280558,-0.0020470687102727148,0.013308109259068779,-0.5930980459005222
267,2023-11,-0.06798534200588036,0.0023048574057280558,-0.0020470687102727148,0.013308109259068779,-0.5930980459005222
268,2023-11,-0.06798534200588036,0.0023048574057280558,-0.0020470687102727148,0.013308109259068779,-0.5930980459005222
269,2023-11,-0.06798534200588036,0.0023048574057280558,-0.0020470687102727148,0.013308109259068779,-0.5930980459005222
270,2023-11,-0.06798534200588036,0.0023048574057280558,-0.0020470687102727148,0.013308109259068779,-0.5930980459005222
271,2023-11,-0.06798534200588036,0.0023048574057280558,-0.0020470687102727148,0.013308109259068779,-0.5930980459005222
272,2023-11,-0.06798534200588036,0.0023048574057280558,-0.0020470687102727148,0.013308109259068779,-0.5930980459005222
273,2023-11,-0.06798534200588036,0.0023048574057280558,-0.0020470687102727148,0.013308109259068779,-0.5930980459005222
274,2023-11,-0.06798534200588036,0.0023048574057280558,-0.0020470687102727148,0.013308109259068779,-0.5930980459005222
275,2023-11,-0.06798534200588036,0.0023048574057280558,-0.0020470687102727148,0.013308109259068779,-0.5930980459005222
276,2023-11,-0.06798534200588036,0.0023048574057280558,-0.0020470687102727148,0.013308109259068779,-0.5930980459005222
277,2023-11,-0.06798534200588036,0.0023048574057280558,-0.0020470687102727148,0.013308109259068779,-0.5930980459005222
278,2023-11,-0.06798534200588036,0.0023048574057280558,-0.0020470687102727148,0.013308109259068779,-0.5930980459005222
279,2023-11,-0.06798534200588036,0.0023048574057280558,-0.0020470687102727148,0.013308109259068779,-0.5930980459005222
280,2023-11,-0.06798534200588036,0.0023048574057280558,-0.0020470687102727148,0.013308109259068779,-0.5930980459005222
281,2023-11,-0.06798534200588036,0.0023048574057280558,-0.0020470687102727148,0.013308109259068779,-0.5930980459005222
282,2023-11,-0.06798534200588036,0.0023048574057280558,-0.0020470687102727148,0.013308109259068779,-0.5930980459005222
283,2023-11,-0.06798534200588036,0.0023048574057280558,-0.0020470687102727148,0.013308109259068779,-0.5930980459005222
284,2023-11,-0.06798534200588036,0.0023048574057280558,-0.0020470687102727148,0.013308109259068779,-0.5930980459005222
285,2023-10,-0.3876331700607816,-0.27325082871838324,0.47059320258187043,-0.006867838772848578,-0.6313870296082504
286,2023-10,-0.3876331700607816,-0.27325082871838324,0.47059320258187043,-0.006867838772848578,-0.6313870296082504
287,2023-10,-0.3876331700607816,-0.27325082871838324,0.47059320258187043,-0.006867838772848578,-0.6313870296082504
288,2023-10,-0.3876331700607816,-0.27325082871838324,0.47059320258187043,-0.006867838772848578,-0.6313870296082504
289,2023-10,-0.3876331700607816,-0.27325082871838324,0.47059320258187043,-0.006867838772848578,-0.6313870296082504
290,2023-10,-0.3876331700607816,-0.27325082871838324,0.47059320258187043,-0.006867838772848578,-0.6313870296082504
291,2023-10,-0.3876331700607816,-0.27325082871838324,0.47059320258187043,-0.006867838772848578,-0.6313870296082504
292,2023-10,-0.3876331700607816,-0.27325082871838324,0.47059320258187043,-0.006867838772848578,-0.6313870296082504
293,2023-10,-0.3876331700607816,-0.27325082871838324,0.47059320258187043,-0.006867838772848578,-0.6313870296082504
294,2023-10,-0.3876331700607816,-0.27325082871838324,0.47059320258187043,-0.006867838772848578,-0.6313870296082504
295,2023-10,-0.3876331700607816,-0.27325082871838324,0.47059320258187043,-0.006867838772848578,-0.6313870296082504
296,2023-10,-0.3876331700607816,-0.27325082871838324,0.47059320258187043,-0.006867838772848578,-0.6313870296082504
297,2023-10,-0.3876331700607816,-0.27325082871838324,0.47059320258187043,-0.006867838772848578,-0.6313870296082504
298,2023-10,-0.3876331700607816,-0.27325082871838324,0.47059320258187043,-0.006867838772848578,-0.6313870296082504
299,2023-10,-0.3876331700607816,-0.27325082871838324,0.47059320258187043,-0.006867838772848578,-0.6313870296082504
300,2023-10,-0.3876331700607816,-0.27325082871838324,0.47059320258187043,-0.006867838772848578,-0.6313870296082504
301,2023-10,-0.3876331700607816,-0.27325082871838324,0.47059320258187043,-0.006867838772848578,-0.6313870296082504
302,2023-10,-0.3876331700607816,-0.27325082871838324,0.47059320258187043,-0.006867838772848578,-0.6313870296082504
303,2023-10,-0.3876331700607816,-0.27325082871838324,0.47059320258187043,-0.006867838772848578,-0.6313870296082504
304,2023-10,-0.3876331700607816,-0.27325082871838324,0.47059320258187043,-0.006867838772848578,-0.6313870296082504
305,2023-10,-0.3876331700607816,-0.27325082871838324,0.47059320258187043,-0.006867838772848578,-0.6313870296082504
306,2023-10,-0.3876331700607816,-0.27325082871838324,0.47059320258187043,-0.006867838772848578,-0.6313870296082504
307,2023-09,-0.025052987525901016,0.03239042048592733,0.060151475881029315,0.06024970196969326,-0.5687172153204427
308,2023-09,-0.025052987525901016,0.03239042048592733,0.060151475881029315,0.06024970196969326,-0.5687172153204427
309,2023-09,-0.025052987525901016,0.03239042048592733,0.060151475881029315,0.06024970196969326,-0.5687172153204427
310,2023-09,-0.025052987525901016,0.03239042048592733,0.060151475881029315,0.06024970196969326,-0.5687172153204427
311,2023-09,-0.025052987525901016,0.03239042048592733,0.060151475881029315,0.06024970196969326,-0.5687172153204427
312,2023-09,-0.025052987525901016,0.03239042048592733,0.060151475881029315,0.06024970196969326,-0.5687172153204427
313,2023-09,-0.025052987525901016,0.03239042048592733,0.060151475881029315,0.06024970196969326,-0.5687172153204427
314,2023-09,-0.025052987525901016,0.03239042048592733,0.060151475881029315,0.06024970196969326,-0.5687172153204427
315,2023-09,-0.025052987525901016,0.03239042048592733,0.060151475881029315,0.06024970196969326,-0.5687172153204427
316,2023-09,-0.025052987525901016,0.03239042048592733,0.060151475881029315,0.06024970196969326,-0.5687172153204427
317,2023-09,-0.025052987525901016,0.03239042048592733,0.060151475881029315,0.06024970196969326,-0.5687172153204427
318,2023-09,-0.025052987525901016,0.03239042048592733,0.060151475881029315,0.06024970196969326,-0.5687172153204427
319,2023-09,-0.025052987525901016,0.03239042048592733,0.060151475881029315,0.06024970196969326,-0.5687172153204427
320,2023-09,-0.025052987525901016,0.03239042048592733,0.060151475881029315,0.06024970196969326,-0.5687172153204427
321,2023-09,-0.025052987525901016,0.03239042048592733,0.060151475881029315,0.06024970196969326,-0.5687172153204427
322,2023-09,-0.025052987525901016,0.03239042048592733,0.060151475881029315,0.06024970196969326,-0.5687172153204427
323,2023-09,-0.025052987525901016,0.03239042048592733,0.060151475881029315,0.06024970196969326,-0.5687172153204427
324,2023-09,-0.025052987525901016,0.03239042048592733,0.060151475881029315,0.06024970196969326,-0.5687172153204427
325,2023-09,-0.025052987525901016,0.03239042048592733,0.060151475881029315,0.06024970196969326,-0.5687172153204427
326,2023-08,-0.026390144225616474,0.009205982074176555,-0.01160960393916377,-0.006441216968509744,-0.5994465250023391
327,2023-08,-0.026390144225616474,0.009205982074176555,-0.01160960393916377,-0.006441216968509744,-0.5994465250023391
328,2023-08,-0.026390144225616474,0.009205982074176555,-0.01160960393916377,-0.006441216968509744,-0.5994465250023391
329,2023-08,-0.026390144225616474,0.009205982074176555,-0.01160960393916377,-0.006441216968509744,-0.5994465250023391
330,2023-08,-0.026390144225616474,0.009205982074176555,-0.01160960393916377,-0.006441216968509744,-0.5994465250023391
331,2023-08,-0.026390144225616474,0.009205982074176555,-0.01160960393916377,-0.006441216968509744,-0.5994465250023391
332,2023-08,-0.026390144225616474,0.009205982074176555,-0.01160960393916377,-0.006441216968509744,-0.5994465250023391
333,2023-08,-0.026390144225616474,0.009205982074176555,-0.01160960393916377,-0.006441216968509744,-0.5994465250023391
334,2023-08,-0.026390144225616474,0.009205982074176555,-0.01160960393916377,-0.006441216968509744,-0.5994465250023391
335,2023-08,-0.026390144225616474,0.009205982074176555,-0.01160960393916377,-0.006441216968509744,-0.5994465250023391
336,2023-08,-0.026390144225616474,0.009205982074176555,-0.01160960393916377,-0.006441216968509744,-0.5994465250023391
337,2023-08,-0.026390144225616474,0.009205982074176555,-0.01160960393916377,-0.006441216968509744,-0.5994465250023391
338,2023-08,-0.026390144225616474,0.009205982074176555,-0.01160960393916377,-0.006441216968509744,-0.5994465250023391
339,2023-08,-0.026390144225616474,0.009205982074176555,-0.01160960393916377,-0.006441216968509744,-0.5994465250023391
340,2023-08,-0.026390144225616474,0.009205982074176555,-0.01160960393916377,-0.006441216968509744,-0.5994465250023391
341,2023-08,-0.026390144225616474,0.009205982074176555,-0.01160960393916377,-0.006441216968509744,-0.5994465250023391
342,2023-08,-0.026390144225616474,0.009205982074176555,-0.01160960393916377,-0.006441216968509744,-0.5994465250023391
343,2023-08,-0.026390144225616474,0.009205982074176555,-0.01160960393916377,-0.006441216968509744,-0.5994465250023391
344,2023-08,-0.026390144225616474,0.009205982074176555,-0.01160960393916377,-0.006441216968509744,-0.5994465250023391
345,2023-08,-0.026390144225616474,0.009205982074176555,-0.01160960393916377,-0.006441216968509744,-0.5994465250023391
346,2023-08,-0.026390144225616474,0.009205982074176555,-0.01160960393916377,-0.006441216968509744,-0.5994465250023391
347,2023-07,0.046913145788083366,0.006303961114555445,0.016449934457401616,-0.028482301299872947,-0.6147734760344571
348,2023-07,0.046913145788083366,0.006303961114555445,0.016449934457401616,-0.028482301299872947,-0.6147734760344571
349,2023-07,0.046913145788083366,0.006303961114555445,0.016449934457401616,-0.028482301299872947,-0.6147734760344571
350,2023-07,0.046913145788083366,0.006303961114555445,0.016449934457401616,-0.028482301299872947,-0.6147734760344571
351,2023-07,0.046913145788083366,0.006303961114555445,0.016449934457401616,-0.028482301299872947,-0.6147734760344571
352,2023-07,0.046913145788083366,0.006303961114555445,0.016449934457401616,-0.028482301299872947,-0.6147734760344571
353,2023-07,0.046913145788083366,0.006303961114555445,0.016449934457401616,-0.028482301299872947,-0.6147734760344571
354,2023-07,0.046913145788083366,0.006303961114555445,0.016449934457401616,-0.028482301299872947,-0.6147734760344571
355,2023-07,0.046913145788083366,0.006303961114555445,0.016449934457401616,-0.028482301299872947,-0.6147734760344571
356,2023-07,0.046913145788083366,0.006303961114555445,0.016449934457401616,-0.028482301299872947,-0.6147734760344571
357,2023-07,0.046913145788083366,0.006303961114555445,0.016449934457401616,-0.028482301299872947,-0.6147734760344571
358,2023-07,0.046913145788083366,0.006303961114555445,0.016449934457401616,-0.028482301299872947,-0.6147734760344571
359,2023-07,0.046913145788083366,0.006303961114555445,0.016449934457401616,-0.028482301299872947,-0.6147734760344571
360,2023-07,0.046913145788083366,0.006303961114555445,0.016449934457401616,-0.028482301299872947,-0.6147734760344571
361,2023-07,0.046913145788083366,0.006303961114555445,0.016449934457401616,-0.028482301299872947,-0.6147734760344571
362,2023-07,0.046913145788083366,0.006303961114555445,0.016449934457401616,-0.028482301299872947,-0.6147734760344571
363,2023-07,0.046913145788083366,0.006303961114555445,0.016449934457401616,-0.028482301299872947,-0.6147734760344571
364,2023-07,0.046913145788083366,0.006303961114555445,0.016449934457401616,-0.028482301299872947,-0.6147734760344571
365,2023-07,0.046913145788083366,0.006303961114555445,0.016449934457401616,-0.028482301299872947,-0.6147734760344571
366,2023-07,0.046913145788083366,0.006303961114555445,0.016449934457401616,-0.028482301299872947,-0.6147734760344571
367,2023-06,0.02787648806273646,-0.014365281045619405,0.03869591267932182,-0.002722396168233554,-0.6358243672553974
368,2023-06,0.02787648806273646,-0.014365281045619405,0.03869591267932182,-0.002722396168233554,-0.6358243672553974
369,2023-06,0.02787648806273646,-0.014365281045619405,0.03869591267932182,-0.002722396168233554,-0.6358243672553974
370,2023-06,0.02787648806273646,-0.014365281045619405,0.03869591267932182,-0.002722396168233554,-0.6358243672553974
371,2023-06,0.02787648806273646,-0.014365281045619405,0.03869591267932182,-0.002722396168233554,-0.6358243672553974
372,2023-06,0.02787648806273646,-0.014365281045619405,0.03869591267932182,-0.002722396168233554,-0.6358243672553974
373,2023-06,0.02787648806273646,-0.014365281045619405,0.03869591267932182,-0.002722396168233554,-0.6358243672553974
374,2023-06,0.02787648806273646,-0.014365281045619405,0.03869591267932182,-0.002722396168233554,-0.6358243672553974
375,2023-06,0.02787648806273646,-0.014365281045619405,0.03869591267932182,-0.002722396168233554,-0.6358243672553974
376,2023-06,0.02787648806273646,-0.014365281045619405,0.03869591267932182,-0.002722396168233554,-0.6358243672553974
377,2023-06,0.02787648806273646,-0.014365281045619405,0.03869591267932182,-0.002722396168233554,-0.6358243672553974
378,2023-06,0.02787648806273646,-0.014365281045619405,0.03869591267932182,-0.002722396168233554,-0.6358243672553974
379,2023-06,0.02787648806273646,-0.014365281045619405,0.03869591267932182,-0.002722396168233554,-0.6358243672553974
380,2023-06,0.02787648806273646,-0.014365281045619405,0.03869591267932182,-0.002722396168233554,-0.6358243672553974
381,2023-06,0.02787648806273646,-0.014365281045619405,0.03869591267932182,-0.002722396168233554,-0.6358243672553974
382,2023-06,0.02787648806273646,-0.014365281045619405,0.03869591267932182,-0.002722396168233554,-0.6358243672553974
383,2023-06,0.02787648806273646,-0.014365281045619405,0.03869591267932182,-0.002722396168233554,-0.6358243672553974
384,2023-06,0.02787648806273646,-0.014365281045619405,0.03869591267932182,-0.002722396168233554,-0.6358243672553974
385,2023-06,0.02787648806273646,-0.014365281045619405,0.03869591267932182,-0.002722396168233554,-0.6358243672553974
386,2023-06,0.02787648806273646,-0.014365281045619405,0.03869591267932182,-0.002722396168233554,-0.6358243672553974
387,2023-05,0.06031283599622839,-0.02344140008538098,0.05834108624171486,-0.026655639004451226,-0.68447637723668
388,2023-05,0.06031283599622839,-0.02344140008538098,0.05834108624171486,-0.026655639004451226,-0.68447637723668
389,2023-05,0.06031283599622839,-0.02344140008538098,0.05834108624171486,-0.026655639004451226,-0.68447637723668
390,2023-05,0.06031283599622839,-0.02344140008538098,0.05834108624171486,-0.026655639004451226,-0.68447637723668
391,2023-05,0.06031283599622839,-0.02344140008538098,0.05834108624171486,-0.026655639004451226,-0.68447637723668
392,2023-05,0.06031283599622839,-0.02344140008538098,0.05834108624171486,-0.026655639004451226,-0.68447637723668
393,2023-05,0.06031283599622839,-0.02344140008538098,0.05834108624171486,-0.026655639004451226,-0.68447637723668
394,2023-05,0.06031283599622839,-0.02344140008538098,0.05834108624171486,-0.026655639004451226,-0.68447637723668
395,2023-05,0.06031283599622839,-0.02344140008538098,0.05834108624171486,-0.026655639004451226,-0.68447637723668
396,2023-05,0.06031283599622839,-0.02344140008538098,0.05834108624171486,-0.026655639004451226,-0.68447637723668
397,2023-05,0.06031283599622839,-0.02344140008538098,0.05834108624171486,-0.026655639004451226,-0.68447637723668
398,2023-05,0.06031283599622839,-0.02344140008538098,0.05834108624171486,-0.026655639004451226,-0.68447637723668
399,2023-05,0.06031283599622839,-0.02344140008538098,0.05834108624171486,-0.026655639004451226,-0.68447637723668
400,2023-05,0.06031283599622839,-0.02344140008538098,0.05834108624171486,-0.026655639004451226,-0.68447637723668
401,2023-05,0.06031283599622839,-0.02344140008538098,0.05834108624171486,-0.026655639004451226,-0.68447637723668
402,2023-05,0.06031283599622839,-0.02344140008538098,0.05834108624171486,-0.026655639004451226,-0.68447637723668
403,2023-05,0.06031283599622839,-0.02344140008538098,0.05834108624171486,-0.026655639004451226,-0.68447637723668
404,2023-05,0.06031283599622839,-0.02344140008538098,0.05834108624171486,-0.026655639004451226,-0.68447637723668
405,2023-05,0.06031283599622839,-0.02344140008538098,0.05834108624171486,-0.026655639004451226,-0.68447637723668
406,2023-05,0.06031283599622839,-0.02344140008538098,0.05834108624171486,-0.026655639004451226,-0.68447637723668
407,2023-05,0.06031283599622839,-0.02344140008538098,0.05834108624171486,-0.026655639004451226,-0.68447637723668
408,2023-05,0.06031283599622839,-0.02344140008538098,0.05834108624171486,-0.026655639004451226,-0.68447637723668
409,2023-04,-0.008929354822585944,0.02840746230145208,0.02453141393398539,-0.0013512817282897993,-0.6100646176993008
410,2023-04,-0.008929354822585944,0.02840746230145208,0.02453141393398539,-0.0013512817282897993,-0.6100646176993008
411,2023-04,-0.008929354822585944,0.02840746230145208,0.02453141393398539,-0.0013512817282897993,-0.6100646176993008
412,2023-04,-0.008929354822585944,0.02840746230145208,0.02453141393398539,-0.0013512817282897993,-0.6100646176993008
413,2023-04,-0.008929354822585944,0.02840746230145208,0.02453141393398539,-0.0013512817282897993,-0.6100646176993008
414,2023-04,-0.008929354822585944,0.02840746230145208,0.02453141393398539,-0.0013512817282897993,-0.6100646176993008
415,2023-04,-0.008929354822585944,0.02840746230145208,0.02453141393398539,-0.0013512817282897993,-0.6100646176993008
416,2023-04,-0.008929354822585944,0.02840746230145208,0.02453141393398539,-0.0013512817282897993,-0.6100646176993008
417,2023-04,-0.008929354822585944,0.02840746230145208,0.02453141393398539,-0.0013512817282897993,-0.6100646176993008
418,2023-04,-0.008929354822585944,0.02840746230145208,0.02453141393398539,-0.0013512817282897993,-0.6100646176993008
419,2023-04,-0.008929354822585944,0.02840746230145208,0.02453141393398539,-0.0013512817282897993,-0.6100646176993008
420,2023-04,-0.008929354822585944,0.02840746230145208,0.02453141393398539,-0.0013512817282897993,-0.6100646176993008
421,2023-04,-0.008929354822585944,0.02840746230145208,0.02453141393398539,-0.0013512817282897993,-0.6100646176993008
422,2023-04,-0.008929354822585944,0.02840746230145208,0.02453141393398539,-0.0013512817282897993,-0.6100646176993008
423,2023-04,-0.008929354822585944,0.02840746230145208,0.02453141393398539,-0.0013512817282897993,-0.6100646176993008
424,2023-04,-0.008929354822585944,0.02840746230145208,0.02453141393398539,-0.0013512817282897993,-0.6100646176993008
425,2023-04,-0.008929354822585944,0.02840746230145208,0.02453141393398539,-0.0013512817282897993,-0.6100646176993008
426,2023-04,-0.008929354822585944,0.02840746230145208,0.02453141393398539,-0.0013512817282897993,-0.6100646176993008
427,2023-04,-0.008929354822585944,0.02840746230145208,0.02453141393398539,-0.0013512817282897993,-0.6100646176993008
428,2023-03,-0.049291624508980614,-0.017718634140528988,-0.03231090083494759,0.0065284498322149,-0.6482204091629433
429,2023-03,-0.049291624508980614,-0.017718634140528988,-0.03231090083494759,0.0065284498322149,-0.6482204091629433
430,2023-03,-0.049291624508980614,-0.017718634140528988,-0.03231090083494759,0.0065284498322149,-0.6482204091629433
431,2023-03,-0.049291624508980614,-0.017718634140528988,-0.03231090083494759,0.0065284498322149,-0.6482204091629433
432,2023-03,-0.049291624508980614,-0.017718634140528988,-0.03231090083494759,0.0065284498322149,-0.6482204091629433
433,2023-03,-0.049291624508980614,-0.017718634140528988,-0.03231090083494759,0.0065284498322149,-0.6482204091629433
434,2023-03,-0.049291624508980614,-0.017718634140528988,-0.03231090083494759,0.0065284498322149,-0.6482204091629433
435,2023-03,-0.049291624508980614,-0.017718634140528988,-0.03231090083494759,0.0065284498322149,-0.6482204091629433
436,2023-03,-0.049291624508980614,-0.017718634140528988,-0.03231090083494759,0.0065284498322149,-0.6482204091629433
437,2023-03,-0.049291624508980614,-0.017718634140528988,-0.03231090083494759,0.0065284498322149,-0.6482204091629433
438,2023-03,-0.049291624508980614,-0.017718634140528988,-0.03231090083494759,0.0065284498322149,-0.6482204091629433
439,2023-03,-0.049291624508980614,-0.017718634140528988,-0.03231090083494759,0.0065284498322149,-0.6482204091629433
440,2023-03,-0.049291624508980614,-0.017718634140528988,-0.03231090083494759,0.0065284498322149,-0.6482204091629433
441,2023-03,-0.049291624508980614,-0.017718634140528988,-0.03231090083494759,0.0065284498322149,-0.6482204091629433
442,2023-03,-0.049291624508980614,-0.017718634140528988,-0.03231090083494759,0.0065284498322149,-0.6482204091629433
443,2023-03,-0.049291624508980614,-0.017718634140528988,-0.03231090083494759,0.0065284498322149,-0.6482204091629433
444,2023-03,-0.049291624508980614,-0.017718634140528988,-0.03231090083494759,0.0065284498322149,-0.6482204091629433
445,2023-03,-0.049291624508980614,-0.017718634140528988,-0.03231090083494759,0.0065284498322149,-0.6482204091629433
446,2023-03,-0.049291624508980614,-0.017718634140528988,-0.03231090083494759,0.0065284498322149,-0.6482204091629433
447,2023-03,-0.049291624508980614,-0.017718634140528988,-0.03231090083494759,0.0065284498322149,-0.6482204091629433
448,2023-03,-0.049291624508980614,-0.017718634140528988,-0.03231090083494759,0.0065284498322149,-0.6482204091629433
449,2023-03,-0.049291624508980614,-0.017718634140528988,-0.03231090083494759,0.0065284498322149,-0.6482204091629433
450,2023-03,-0.049291624508980614,-0.017718634140528988,-0.03231090083494759,0.0065284498322149,-0.6482204091629433
451,2023-02,0.09619757198704226,-0.030691369903573906,0.02786888355304873,0.01665324180834271,-0.6180044163242419
452,2023-02,0.09619757198704226,-0.030691369903573906,0.02786888355304873,0.01665324180834271,-0.6180044163242419
453,2023-02,0.09619757198704226,-0.030691369903573906,0.02786888355304873,0.01665324180834271,-0.6180044163242419
454,2023-02,0.09619757198704226,-0.030691369903573906,0.02786888355304873,0.01665324180834271,-0.6180044163242419
455,2023-02,0.09619757198704226,-0.030691369903573906,0.02786888355304873,0.01665324180834271,-0.6180044163242419
456,2023-02,0.09619757198704226,-0.030691369903573906,0.02786888355304873,0.01665324180834271,-0.6180044163242419
457,2023-02,0.09619757198704226,-0.030691369903573906,0.02786888355304873,0.01665324180834271,-0.6180044163242419
458,2023-02,0.09619757198704226,-0.030691369903573906,0.02786888355304873,0.01665324180834271,-0.6180044163242419
459,2023-02,0.09619757198704226,-0.030691369903573906,0.02786888355304873,0.01665324180834271,-0.6180044163242419
460,2023-02,0.09619757198704226,-0.030691369903573906,0.02786888355304873,0.01665324180834271,-0.6180044163242419
461,2023-02,0.09619757198704226,-0.030691369903573906,0.02786888355304873,0.01665324180834271,-0.6180044163242419
462,2023-02,0.09619757198704226,-0.030691369903573906,0.02786888355304873,0.01665324180834271,-0.6180044163242419
463,2023-02,0.09619757198704226,-0.030691369903573906,0.02786888355304873,0.01665324180834271,-0.6180044163242419
464,2023-02,0.09619757198704226,-0.030691369903573906,0.02786888355304873,0.01665324180834271,-0.6180044163242419
465,2023-02,0.09619757198704226,-0.030691369903573906,0.02786888355304873,0.01665324180834271,-0.6180044163242419
466,2023-02,0.09619757198704226,-0.030691369903573906,0.02786888355304873,0.01665324180834271,-0.6180044163242419
467,2023-02,0.09619757198704226,-0.030691369903573906,0.02786888355304873,0.01665324180834271,-0.6180044163242419
468,2023-02,0.09619757198704226,-0.030691369903573906,0.02786888355304873,0.01665324180834271,-0.6180044163242419
469,2023-02,0.09619757198704226,-0.030691369903573906,0.02786888355304873,0.01665324180834271,-0.6180044163242419
470,2023-02,0.09619757198704226,-0.030691369903573906,0.02786888355304873,0.01665324180834271,-0.6180044163242419
471,2023-01,-0.1330662429790207,0.06518044289595193,-0.024277576621371977,0.05431403770197352,-0.5670336536984029
472,2023-01,-0.1330662429790207,0.06518044289595193,-0.024277576621371977,0.05431403770197352,-0.5670336536984029
473,2023-01,-0.1330662429790207,0.06518044289595193,-0.024277576621371977,0.05431403770197352,-0.5670336536984029
474,2023-01,-0.1330662429790207,0.06518044289595193,-0.024277576621371977,0.05431403770197352,-0.5670336536984029
475,2023-01,-0.1330662429790207,0.06518044289595193,-0.024277576621371977,0.05431403770197352,-0.5670336536984029
476,2023-01,-0.1330662429790207,0.06518044289595193,-0.024277576621371977,0.05431403770197352,-0.5670336536984029
477,2023-01,-0.1330662429790207,0.06518044289595193,-0.024277576621371977,0.05431403770197352,-0.5670336536984029
478,2023-01,-0.1330662429790207,0.06518044289595193,-0.024277576621371977,0.05431403770197352,-0.5670336536984029
479,2023-01,-0.1330662429790207,0.06518044289595193,-0.024277576621371977,0.05431403770197352,-0.5670336536984029
480,2023-01,-0.1330662429790207,0.06518044289595193,-0.024277576621371977,0.05431403770197352,-0.5670336536984029
481,2023-01,-0.1330662429790207,0.06518044289595193,-0.024277576621371977,0.05431403770197352,-0.5670336536984029
482,2023-01,-0.1330662429790207,0.06518044289595193,-0.024277576621371977,0.05431403770197352,-0.5670336536984029
483,2023-01,-0.1330662429790207,0.06518044289595193,-0.024277576621371977,0.05431403770197352,-0.5670336536984029
484,2023-01,-0.1330662429790207,0.06518044289595193,-0.024277576621371977,0.05431403770197352,-0.5670336536984029
485,2023-01,-0.1330662429790207,0.06518044289595193,-0.024277576621371977,0.05431403770197352,-0.5670336536984029
486,2023-01,-0.1330662429790207,0.06518044289595193,-0.024277576621371977,0.05431403770197352,-0.5670336536984029
487,2023-01,-0.1330662429790207,0.06518044289595193,-0.024277576621371977,0.05431403770197352,-0.5670336536984029
488,2023-01,-0.1330662429790207,0.06518044289595193,-0.024277576621371977,0.05431403770197352,-0.5670336536984029
489,2023-01,-0.1330662429790207,0.06518044289595193,-0.024277576621371977,0.05431403770197352,-0.5670336536984029
490,2023-01,-0.1330662429790207,0.06518044289595193,-0.024277576621371977,0.05431403770197352,-0.5670336536984029
491,2023-01,-0.1330662429790207,0.06518044289595193,-0.024277576621371977,0.05431403770197352,-0.5670336536984029
492,2022-12,0.028378776692481456,-0.03290045430324817,-0.07136192078193848,-0.056146287676272055,-0.5218551454364411
493,2022-12,0.028378776692481456,-0.03290045430324817,-0.07136192078193848,-0.056146287676272055,-0.5218551454364411
494,2022-12,0.028378776692481456,-0.03290045430324817,-0.07136192078193848,-0.056146287676272055,-0.5218551454364411
495,2022-12,0.028378776692481456,-0.03290045430324817,-0.07136192078193848,-0.056146287676272055,-0.5218551454364411
496,2022-12,0.028378776692481456,-0.03290045430324817,-0.07136192078193848,-0.056146287676272055,-0.5218551454364411
497,2022-12,0.028378776692481456,-0.03290045430324817,-0.07136192078193848,-0.056146287676272055,-0.5218551454364411
498,2022-12,0.028378776692481456,-0.03290045430324817,-0.07136192078193848,-0.056146287676272055,-0.5218551454364411
499,2022-12,0.028378776692481456,-0.03290045430324817,-0.07136192078193848,-0.056146287676272055,-0.5218551454364411
500,2022-12,0.028378776692481456,-0.03290045430324817,-0.07136192078193848,-0.056146287676272055,-0.5218551454364411
501,2022-12,0.028378776692481456,-0.03290045430324817,-0.07136192078193848,-0.056146287676272055,-0.5218551454364411
502,2022-12,0.028378776692481456,-0.03290045430324817,-0.07136192078193848,-0.056146287676272055,-0.5218551454364411
503,2022-12,0.028378776692481456,-0.03290045430324817,-0.07136192078193848,-0.056146287676272055,-0.5218551454364411
504,2022-12,0.028378776692481456,-0.03290045430324817,-0.07136192078193848,-0.056146287676272055,-0.5218551454364411
505,2022-12,0.028378776692481456,-0.03290045430324817,-0.07136192078193848,-0.056146287676272055,-0.5218551454364411
506,2022-12,0.028378776692481456,-0.03290045430324817,-0.07136192078193848,-0.056146287676272055,-0.5218551454364411
507,2022-12,0.028378776692481456,-0.03290045430324817,-0.07136192078193848,-0.056146287676272055,-0.5218551454364411
508,2022-12,0.028378776692481456,-0.03290045430324817,-0.07136192078193848,-0.056146287676272055,-0.5218551454364411
509,2022-12,0.028378776692481456,-0.03290045430324817,-0.07136192078193848,-0.056146287676272055,-0.5218551454364411
510,2022-12,0.028378776692481456,-0.03290045430324817,-0.07136192078193848,-0.056146287676272055,-0.5218551454364411
511,2022-12,0.028378776692481456,-0.03290045430324817,-0.07136192078193848,-0.056146287676272055,-0.5218551454364411
512,2022-12,0.028378776692481456,-0.03290045430324817,-0.07136192078193848,-0.056146287676272055,-0.5218551454364411
513,2022-12,0.028378776692481456,-0.03290045430324817,-0.07136192078193848,-0.056146287676272055,-0.5218551454364411
514,2022-11,-0.031303262530149034,-0.029997455385427307,0.02837828108718976,-0.012792361783223405,-0.5066915349290809
515,2022-11,-0.031303262530149034,-0.029997455385427307,0.02837828108718976,-0.012792361783223405,-0.5066915349290809
516,2022-11,-0.031303262530149034,-0.029997455385427307,0.02837828108718976,-0.012792361783223405,-0.5066915349290809
517,2022-11,-0.031303262530149034,-0.029997455385427307,0.02837828108718976,-0.012792361783223405,-0.5066915349290809
518,2022-11,-0.031303262530149034,-0.029997455385427307,0.02837828108718976,-0.012792361783223405,-0.5066915349290809
519,2022-11,-0.031303262530149034,-0.029997455385427307,0.02837828108718976,-0.012792361783223405,-0.5066915349290809
520,2022-11,-0.031303262530149034,-0.029997455385427307,0.02837828108718976,-0.012792361783223405,-0.5066915349290809
521,2022-11,-0.031303262530149034,-0.029997455385427307,0.02837828108718976,-0.012792361783223405,-0.5066915349290809
522,2022-11,-0.031303262530149034,-0.029997455385427307,0.02837828108718976,-0.012792361783223405,-0.5066915349290809
523,2022-11,-0.031303262530149034,-0.029997455385427307,0.02837828108718976,-0.012792361783223405,-0.5066915349290809
524,2022-11,-0.031303262530149034,-0.029997455385427307,0.02837828108718976,-0.012792361783223405,-0.5066915349290809
525,2022-11,-0.031303262530149034,-0.029997455385427307,0.02837828108718976,-0.012792361783223405,-0.5066915349290809
526,2022-11,-0.031303262530149034,-0.029997455385427307,0.02837828108718976,-0.012792361783223405,-0.5066915349290809
527,2022-11,-0.031303262530149034,-0.029997455385427307,0.02837828108718976,-0.012792361783223405,-0.5066915349290809
528,2022-11,-0.031303262530149034,-0.029997455385427307,0.02837828108718976,-0.012792361783223405,-0.5066915349290809
529,2022-11,-0.031303262530149034,-0.029997455385427307,0.02837828108718976,-0.012792361783223405,-0.5066915349290809
530,2022-11,-0.031303262530149034,-0.029997455385427307,0.02837828108718976,-0.012792361783223405,-0.5066915349290809
531,2022-11,-0.031303262530149034,-0.029997455385427307,0.02837828108718976,-0.012792361783223405,-0.5066915349290809
532,2022-11,-0.031303262530149034,-0.029997455385427307,0.02837828108718976,-0.012792361783223405,-0.5066915349290809
533,2022-11,-0.031303262530149034,-0.029997455385427307,0.02837828108718976,-0.012792361783223405,-0.5066915349290809
534,2022-11,-0.031303262530149034,-0.029997455385427307,0.02837828108718976,-0.012792361783223405,-0.5066915349290809
535,2022-10,-0.11086136737184193,0.0747007674852902,-0.032436490376111515,-0.0035600962893934662,-0.4484551736491722
536,2022-10,-0.11086136737184193,0.0747007674852902,-0.032436490376111515,-0.0035600962893934662,-0.4484551736491722
537,2022-10,-0.11086136737184193,0.0747007674852902,-0.032436490376111515,-0.0035600962893934662,-0.4484551736491722
538,2022-10,-0.11086136737184193,0.0747007674852902,-0.032436490376111515,-0.0035600962893934662,-0.4484551736491722
539,2022-10,-0.11086136737184193,0.0747007674852902,-0.032436490376111515,-0.0035600962893934662,-0.4484551736491722
540,2022-10,-0.11086136737184193,0.0747007674852902,-0.032436490376111515,-0.0035600962893934662,-0.4484551736491722
541,2022-10,-0.11086136737184193,0.0747007674852902,-0.032436490376111515,-0.0035600962893934662,-0.4484551736491722
542,2022-10,-0.11086136737184193,0.0747007674852902,-0.032436490376111515,-0.0035600962893934662,-0.4484551736491722
543,2022-10,-0.11086136737184193,0.0747007674852902,-0.032436490376111515,-0.0035600962893934662,-0.4484551736491722
544,2022-10,-0.11086136737184193,0.0747007674852902,-0.032436490376111515,-0.0035600962893934662,-0.4484551736491722
545,2022-10,-0.11086136737184193,0.0747007674852902,-0.032436490376111515,-0.0035600962893934662,-0.4484551736491722
546,2022-10,-0.11086136737184193,0.0747007674852902,-0.032436490376111515,-0.0035600962893934662,-0.4484551736491722
547,2022-10,-0.11086136737184193,0.0747007674852902,-0.032436490376111515,-0.0035600962893934662,-0.4484551736491722
548,2022-10,-0.11086136737184193,0.0747007674852902,-0.032436490376111515,-0.0035600962893934662,-0.4484551736491722
549,2022-10,-0.11086136737184193,0.0747007674852902,-0.032436490376111515,-0.0035600962893934662,-0.4484551736491722
550,2022-10,-0.11086136737184193,0.0747007674852902,-0.032436490376111515,-0.0035600962893934662,-0.4484551736491722
551,2022-10,-0.11086136737184193,0.0747007674852902,-0.032436490376111515,-0.0035600962893934662,-0.4484551736491722
552,2022-10,-0.11086136737184193,0.0747007674852902,-0.032436490376111515,-0.0035600962893934662,-0.4484551736491722
553,2022-10,-0.11086136737184193,0.0747007674852902,-0.032436490376111515,-0.0035600962893934662,-0.4484551736491722
554,2022-10,-0.11086136737184193,0.0747007674852902,-0.032436490376111515,-0.0035600962893934662,-0.4484551736491722
555,2022-09,-0.03750226518993316,-0.006319290004159317,-0.02129533109123971,-0.009167799509520957,-0.40616986640851616
556,2022-09,-0.03750226518993316,-0.006319290004159317,-0.02129533109123971,-0.009167799509520957,-0.40616986640851616
557,2022-09,-0.03750226518993316,-0.006319290004159317,-0.02129533109123971,-0.009167799509520957,-0.40616986640851616
558,2022-09,-0.03750226518993316,-0.006319290004159317,-0.02129533109123971,-0.009167799509520957,-0.40616986640851616
559,2022-09,-0.03750226518993316,-0.006319290004159317,-0.02129533109123971,-0.009167799509520957,-0.40616986640851616
560,2022-09,-0.03750226518993316,-0.006319290004159317,-0.02129533109123971,-0.009167799509520957,-0.40616986640851616
561,2022-09,-0.03750226518993316,-0.006319290004159317,-0.02129533109123971,-0.009167799509520957,-0.40616986640851616
562,2022-09,-0.03750226518993316,-0.006319290004159317,-0.02129533109123971,-0.009167799509520957,-0.40616986640851616
563,2022-09,-0.03750226518993316,-0.006319290004159317,-0.02129533109123971,-0.009167799509520957,-0.40616986640851616
564,2022-09,-0.03750226518993316,-0.006319290004159317,-0.02129533109123971,-0.009167799509520957,-0.40616986640851616
565,2022-09,-0.03750226518993316,-0.006319290004159317,-0.02129533109123971,-0.009167799509520957,-0.40616986640851616
566,2022-09,-0.03750226518993316,-0.006319290004159317,-0.02129533109123971,-0.009167799509520957,-0.40616986640851616
567,2022-09,-0.03750226518993316,-0.006319290004159317,-0.02129533109123971,-0.009167799509520957,-0.40616986640851616
568,2022-09,-0.03750226518993316,-0.006319290004159317,-0.02129533109123971,-0.009167799509520957,-0.40616986640851616
569,2022-09,-0.03750226518993316,-0.006319290004159317,-0.02129533109123971,-0.009167799509520957,-0.40616986640851616
570,2022-09,-0.03750226518993316,-0.006319290004159317,-0.02129533109123971,-0.009167799509520957,-0.40616986640851616
571,2022-09,-0.03750226518993316,-0.006319290004159317,-0.02129533109123971,-0.009167799509520957,-0.40616986640851616
572,2022-09,-0.03750226518993316,-0.006319290004159317,-0.02129533109123971,-0.009167799509520957,-0.40616986640851616
573,2022-09,-0.03750226518993316,-0.006319290004159317,-0.02129533109123971,-0.009167799509520957,-0.40616986640851616
574,2022-09,-0.03750226518993316,-0.006319290004159317,-0.02129533109123971,-0.009167799509520957,-0.40616986640851616
575,2022-09,-0.03750226518993316,-0.006319290004159317,-0.02129533109123971,-0.009167799509520957,-0.40616986640851616
576,2022-09,-0.03750226518993316,-0.006319290004159317,-0.02129533109123971,-0.009167799509520957,-0.40616986640851616
577,2022-08,0.08946130814948239,0.00414675011285448,0.006109285683547849,0.010882454302368005,-0.4513542248260133
578,2022-08,0.08946130814948239,0.00414675011285448,0.006109285683547849,0.010882454302368005,-0.4513542248260133
579,2022-08,0.08946130814948239,0.00414675011285448,0.006109285683547849,0.010882454302368005,-0.4513542248260133
580,2022-08,0.08946130814948239,0.00414675011285448,0.006109285683547849,0.010882454302368005,-0.4513542248260133
581,2022-08,0.08946130814948239,0.00414675011285448,0.006109285683547849,0.010882454302368005,-0.4513542248260133
582,2022-08,0.08946130814948239,0.00414675011285448,0.006109285683547849,0.010882454302368005,-0.4513542248260133
583,2022-08,0.08946130814948239,0.00414675011285448,0.006109285683547849,0.010882454302368005,-0.4513542248260133
584,2022-08,0.08946130814948239,0.00414675011285448,0.006109285683547849,0.010882454302368005,-0.4513542248260133
585,2022-08,0.08946130814948239,0.00414675011285448,0.006109285683547849,0.010882454302368005,-0.4513542248260133
586,2022-08,0.08946130814948239,0.00414675011285448,0.006109285683547849,0.010882454302368005,-0.4513542248260133
587,2022-08,0.08946130814948239,0.00414675011285448,0.006109285683547849,0.010882454302368005,-0.4513542248260133
588,2022-08,0.08946130814948239,0.00414675011285448,0.006109285683547849,0.010882454302368005,-0.4513542248260133
589,2022-08,0.08946130814948239,0.00414675011285448,0.006109285683547849,0.010882454302368005,-0.4513542248260133
590,2022-08,0.08946130814948239,0.00414675011285448,0.006109285683547849,0.010882454302368005,-0.4513542248260133
591,2022-08,0.08946130814948239,0.00414675011285448,0.006109285683547849,0.010882454302368005,-0.4513542248260133
592,2022-08,0.08946130814948239,0.00414675011285448,0.006109285683547849,0.010882454302368005,-0.4513542248260133
593,2022-08,0.08946130814948239,0.00414675011285448,0.006109285683547849,0.010882454302368005,-0.4513542248260133
594,2022-08,0.08946130814948239,0.00414675011285448,0.006109285683547849,0.010882454302368005,-0.4513542248260133
595,2022-08,0.08946130814948239,0.00414675011285448,0.006109285683547849,0.010882454302368005,-0.4513542248260133
596,2022-08,0.08946130814948239,0.00414675011285448,0.006109285683547849,0.010882454302368005,-0.4513542248260133
597,2022-08,0.08946130814948239,0.00414675011285448,0.006109285683547849,0.010882454302368005,-0.4513542248260133
598,2022-08,0.08946130814948239,0.00414675011285448,0.006109285683547849,0.010882454302368005,-0.4513542248260133
599,2022-08,0.08946130814948239,0.00414675011285448,0.006109285683547849,0.010882454302368005,-0.4513542248260133
600,2022-07,-0.05133591099686263,0.012581549569821382,0.005279074520184279,-0.019056771104045023,-0.40544288160134867
601,2022-07,-0.05133591099686263,0.012581549569821382,0.005279074520184279,-0.019056771104045023,-0.40544288160134867
602,2022-07,-0.05133591099686263,0.012581549569821382,0.005279074520184279,-0.019056771104045023,-0.40544288160134867
603,2022-07,-0.05133591099686263,0.012581549569821382,0.005279074520184279,-0.019056771104045023,-0.40544288160134867
604,2022-07,-0.05133591099686263,0.012581549569821382,0.005279074520184279,-0.019056771104045023,-0.40544288160134867
605,2022-07,-0.05133591099686263,0.012581549569821382,0.005279074520184279,-0.019056771104045023,-0.40544288160134867
606,2022-07,-0.05133591099686263,0.012581549569821382,0.005279074520184279,-0.019056771104045023,-0.40544288160134867
607,2022-07,-0.05133591099686263,0.012581549569821382,0.005279074520184279,-0.019056771104045023,-0.40544288160134867
608,2022-07,-0.05133591099686263,0.012581549569821382,0.005279074520184279,-0.019056771104045023,-0.40544288160134867
609,2022-07,-0.05133591099686263,0.012581549569821382,0.005279074520184279,-0.019056771104045023,-0.40544288160134867
610,2022-07,-0.05133591099686263,0.012581549569821382,0.005279074520184279,-0.019056771104045023,-0.40544288160134867
611,2022-07,-0.05133591099686263,0.012581549569821382,0.005279074520184279,-0.019056771104045023,-0.40544288160134867
612,2022-07,-0.05133591099686263,0.012581549569821382,0.005279074520184279,-0.019056771104045023,-0.40544288160134867
613,2022-07,-0.05133591099686263,0.012581549569821382,0.005279074520184279,-0.019056771104045023,-0.40544288160134867
614,2022-07,-0.05133591099686263,0.012581549569821382,0.005279074520184279,-0.019056771104045023,-0.40544288160134867
615,2022-07,-0.05133591099686263,0.012581549569821382,0.005279074520184279,-0.019056771104045023,-0.40544288160134867
616,2022-07,-0.05133591099686263,0.012581549569821382,0.005279074520184279,-0.019056771104045023,-0.40544288160134867
617,2022-07,-0.05133591099686263,0.012581549569821382,0.005279074520184279,-0.019056771104045023,-0.40544288160134867
618,2022-07,-0.05133591099686263,0.012581549569821382,0.005279074520184279,-0.019056771104045023,-0.40544288160134867
619,2022-07,-0.05133591099686263,0.012581549569821382,0.005279074520184279,-0.019056771104045023,-0.40544288160134867
620,2022-06,-0.07058072245348468,-0.01648656046874053,-0.008973664609996601,-0.0046793301342570315,-0.39196790335128595
621,2022-06,-0.07058072245348468,-0.01648656046874053,-0.008973664609996601,-0.0046793301342570315,-0.39196790335128595
622,2022-06,-0.07058072245348468,-0.01648656046874053,-0.008973664609996601,-0.0046793301342570315,-0.39196790335128595
623,2022-06,-0.07058072245348468,-0.01648656046874053,-0.008973664609996601,-0.0046793301342570315,-0.39196790335128595
624,2022-06,-0.07058072245348468,-0.01648656046874053,-0.008973664609996601,-0.0046793301342570315,-0.39196790335128595
625,2022-06,-0.07058072245348468,-0.01648656046874053,-0.008973664609996601,-0.0046793301342570315,-0.39196790335128595
626,2022-06,-0.07058072245348468,-0.01648656046874053,-0.008973664609996601,-0.0046793301342570315,-0.39196790335128595
627,2022-06,-0.07058072245348468,-0.01648656046874053,-0.008973664609996601,-0.0046793301342570315,-0.39196790335128595
628,2022-06,-0.07058072245348468,-0.01648656046874053,-0.008973664609996601,-0.0046793301342570315,-0.39196790335128595
629,2022-06,-0.07058072245348468,-0.01648656046874053,-0.008973664609996601,-0.0046793301342570315,-0.39196790335128595
630,2022-06,-0.07058072245348468,-0.01648656046874053,-0.008973664609996601,-0.0046793301342570315,-0.39196790335128595
631,2022-06,-0.07058072245348468,-0.01648656046874053,-0.008973664609996601,-0.0046793301342570315,-0.39196790335128595
632,2022-06,-0.07058072245348468,-0.01648656046874053,-0.008973664609996601,-0.0046793301342570315,-0.39196790335128595
633,2022-06,-0.07058072245348468,-0.01648656046874053,-0.008973664609996601,-0.0046793301342570315,-0.39196790335128595
634,2022-06,-0.07058072245348468,-0.01648656046874053,-0.008973664609996601,-0.0046793301342570315,-0.39196790335128595
635,2022-06,-0.07058072245348468,-0.01648656046874053,-0.008973664609996601,-0.0046793301342570315,-0.39196790335128595
636,2022-06,-0.07058072245348468,-0.01648656046874053,-0.008973664609996601,-0.0046793301342570315,-0.39196790335128595
637,2022-06,-0.07058072245348468,-0.01648656046874053,-0.008973664609996601,-0.0046793301342570315,-0.39196790335128595
638,2022-06,-0.07058072245348468,-0.01648656046874053,-0.008973664609996601,-0.0046793301342570315,-0.39196790335128595
639,2022-06,-0.07058072245348468,-0.01648656046874053,-0.008973664609996601,-0.0046793301342570315,-0.39196790335128595
640,2022-06,-0.07058072245348468,-0.01648656046874053,-0.008973664609996601,-0.0046793301342570315,-0.39196790335128595
641,2022-06,-0.07058072245348468,-0.01648656046874053,-0.008973664609996601,-0.0046793301342570315,-0.39196790335128595
642,2022-05,-0.08449756324546842,0.029206822172230362,-0.006329356489355842,0.027148746065278395,-0.3582529067350926
643,2022-05,-0.08449756324546842,0.029206822172230362,-0.006329356489355842,0.027148746065278395,-0.3582529067350926
644,2022-05,-0.08449756324546842,0.029206822172230362,-0.006329356489355842,0.027148746065278395,-0.3582529067350926
645,2022-05,-0.08449756324546842,0.029206822172230362,-0.006329356489355842,0.027148746065278395,-0.3582529067350926
646,2022-05,-0.08449756324546842,0.029206822172230362,-0.006329356489355842,0.027148746065278395,-0.3582529067350926
647,2022-05,-0.08449756324546842,0.029206822172230362,-0.006329356489355842,0.027148746065278395,-0.3582529067350926
648,2022-05,-0.08449756324546842,0.029206822172230362,-0.006329356489355842,0.027148746065278395,-0.3582529067350926
649,2022-05,-0.08449756324546842,0.029206822172230362,-0.006329356489355842,0.027148746065278395,-0.3582529067350926
650,2022-05,-0.08449756324546842,0.029206822172230362,-0.006329356489355842,0.027148746065278395,-0.3582529067350926
651,2022-05,-0.08449756324546842,0.029206822172230362,-0.006329356489355842,0.027148746065278395,-0.3582529067350926
652,2022-05,-0.08449756324546842,0.029206822172230362,-0.006329356489355842,0.027148746065278395,-0.3582529067350926
653,2022-05,-0.08449756324546842,0.029206822172230362,-0.006329356489355842,0.027148746065278395,-0.3582529067350926
654,2022-05,-0.08449756324546842,0.029206822172230362,-0.006329356489355842,0.027148746065278395,-0.3582529067350926
655,2022-05,-0.08449756324546842,0.029206822172230362,-0.006329356489355842,0.027148746065278395,-0.3582529067350926
656,2022-05,-0.08449756324546842,0.029206822172230362,-0.006329356489355842,0.027148746065278395,-0.3582529067350926
657,2022-05,-0.08449756324546842,0.029206822172230362,-0.006329356489355842,0.027148746065278395,-0.3582529067350926
658,2022-05,-0.08449756324546842,0.029206822172230362,-0.006329356489355842,0.027148746065278395,-0.3582529067350926
659,2022-05,-0.08449756324546842,0.029206822172230362,-0.006329356489355842,0.027148746065278395,-0.3582529067350926
660,2022-05,-0.08449756324546842,0.029206822172230362,-0.006329356489355842,0.027148746065278395,-0.3582529067350926
661,2022-05,-0.08449756324546842,0.029206822172230362,-0.006329356489355842,0.027148746065278395,-0.3582529067350926
662,2022-04,0.056694865000852745,-0.004625511618074563,0.007953628479527186,-0.003953167159926774,-0.42117330448772317
663,2022-04,0.056694865000852745,-0.004625511618074563,0.007953628479527186,-0.003953167159926774,-0.42117330448772317
664,2022-04,0.056694865000852745,-0.004625511618074563,0.007953628479527186,-0.003953167159926774,-0.42117330448772317
665,2022-04,0.056694865000852745,-0.004625511618074563,0.007953628479527186,-0.003953167159926774,-0.42117330448772317
666,2022-04,0.056694865000852745,-0.004625511618074563,0.007953628479527186,-0.003953167159926774,-0.42117330448772317
667,2022-04,0.056694865000852745,-0.004625511618074563,0.007953628479527186,-0.003953167159926774,-0.42117330448772317
668,2022-04,0.056694865000852745,-0.004625511618074563,0.007953628479527186,-0.003953167159926774,-0.42117330448772317
669,2022-04,0.056694865000852745,-0.004625511618074563,0.007953628479527186,-0.003953167159926774,-0.42117330448772317
670,2022-04,0.056694865000852745,-0.004625511618074563,0.007953628479527186,-0.003953167159926774,-0.42117330448772317
671,2022-04,0.056694865000852745,-0.004625511618074563,0.007953628479527186,-0.003953167159926774,-0.42117330448772317
672,2022-04,0.056694865000852745,-0.004625511618074563,0.007953628479527186,-0.003953167159926774,-0.42117330448772317
673,2022-04,0.056694865000852745,-0.004625511618074563,0.007953628479527186,-0.003953167159926774,-0.42117330448772317
674,2022-04,0.056694865000852745,-0.004625511618074563,0.007953628479527186,-0.003953167159926774,-0.42117330448772317
675,2022-04,0.056694865000852745,-0.004625511618074563,0.007953628479527186,-0.003953167159926774,-0.42117330448772317
676,2022-04,0.056694865000852745,-0.004625511618074563,0.007953628479527186,-0.003953167159926774,-0.42117330448772317
677,2022-04,0.056694865000852745,-0.004625511618074563,0.007953628479527186,-0.003953167159926774,-0.42117330448772317
678,2022-04,0.056694865000852745,-0.004625511618074563,0.007953628479527186,-0.003953167159926774,-0.42117330448772317
679,2022-04,0.056694865000852745,-0.004625511618074563,0.007953628479527186,-0.003953167159926774,-0.42117330448772317
680,2022-04,0.056694865000852745,-0.004625511618074563,0.007953628479527186,-0.003953167159926774,-0.42117330448772317
681,2022-04,0.056694865000852745,-0.004625511618074563,0.007953628479527186,-0.003953167159926774,-0.42117330448772317
682,2022-04,0.056694865000852745,-0.004625511618074563,0.007953628479527186,-0.003953167159926774,-0.42117330448772317
683,2022-03,-0.05538520682343939,-0.003981145284836507,0.0317271928546079,-0.009342003120223374,-0.42148222294706716
684,2022-03,-0.05538520682343939,-0.003981145284836507,0.0317271928546079,-0.009342003120223374,-0.42148222294706716
685,2022-03,-0.05538520682343939,-0.003981145284836507,0.0317271928546079,-0.009342003120223374,-0.42148222294706716
686,2022-03,-0.05538520682343939,-0.003981145284836507,0.0317271928546079,-0.009342003120223374,-0.42148222294706716
687,2022-03,-0.05538520682343939,-0.003981145284836507,0.0317271928546079,-0.009342003120223374,-0.42148222294706716
688,2022-03,-0.05538520682343939,-0.003981145284836507,0.0317271928546079,-0.009342003120223374,-0.42148222294706716
689,2022-03,-0.05538520682343939,-0.003981145284836507,0.0317271928546079,-0.009342003120223374,-0.42148222294706716
690,2022-03,-0.05538520682343939,-0.003981145284836507,0.0317271928546079,-0.009342003120223374,-0.42148222294706716
691,2022-03,-0.05538520682343939,-0.003981145284836507,0.0317271928546079,-0.009342003120223374,-0.42148222294706716
692,2022-03,-0.05538520682343939,-0.003981145284836507,0.0317271928546079,-0.009342003120223374,-0.42148222294706716
693,2022-03,-0.05538520682343939,-0.003981145284836507,0.0317271928546079,-0.009342003120223374,-0.42148222294706716
694,2022-03,-0.05538520682343939,-0.003981145284836507,0.0317271928546079,-0.009342003120223374,-0.42148222294706716
695,2022-03,-0.05538520682343939,-0.003981145284836507,0.0317271928546079,-0.009342003120223374,-0.42148222294706716
696,2022-03,-0.05538520682343939,-0.003981145284836507,0.0317271928546079,-0.009342003120223374,-0.42148222294706716
697,2022-03,-0.05538520682343939,-0.003981145284836507,0.0317271928546079,-0.009342003120223374,-0.42148222294706716
698,2022-03,-0.05538520682343939,-0.003981145284836507,0.0317271928546079,-0.009342003120223374,-0.42148222294706716
699,2022-03,-0.05538520682343939,-0.003981145284836507,0.0317271928546079,-0.009342003120223374,-0.42148222294706716
700,2022-03,-0.05538520682343939,-0.003981145284836507,0.0317271928546079,-0.009342003120223374,-0.42148222294706716
701,2022-03,-0.05538520682343939,-0.003981145284836507,0.0317271928546079,-0.009342003120223374,-0.42148222294706716
702,2022-03,-0.05538520682343939,-0.003981145284836507,0.0317271928546079,-0.009342003120223374,-0.42148222294706716
703,2022-03,-0.05538520682343939,-0.003981145284836507,0.0317271928546079,-0.009342003120223374,-0.42148222294706716
704,2022-03,-0.05538520682343939,-0.003981145284836507,0.0317271928546079,-0.009342003120223374,-0.42148222294706716
705,2022-03,-0.05538520682343939,-0.003981145284836507,0.0317271928546079,-0.009342003120223374,-0.42148222294706716
706,2022-02,-0.07000636269399307,0.027926115108678484,0.038310390246936166,0.05295520601099479,-0.3402711731693635
707,2022-02,-0.07000636269399307,0.027926115108678484,0.038310390246936166,0.05295520601099479,-0.3402711731693635
708,2022-02,-0.07000636269399307,0.027926115108678484,0.038310390246936166,0.05295520601099479,-0.3402711731693635
709,2022-02,-0.07000636269399307,0.027926115108678484,0.038310390246936166,0.05295520601099479,-0.3402711731693635
710,2022-02,-0.07000636269399307,0.027926115108678484,0.038310390246936166,0.05295520601099479,-0.3402711731693635
711,2022-02,-0.07000636269399307,0.027926115108678484,0.038310390246936166,0.05295520601099479,-0.3402711731693635
712,2022-02,-0.07000636269399307,0.027926115108678484,0.038310390246936166,0.05295520601099479,-0.3402711731693635
713,2022-02,-0.07000636269399307,0.027926115108678484,0.038310390246936166,0.05295520601099479,-0.3402711731693635
714,2022-02,-0.07000636269399307,0.027926115108678484,0.038310390246936166,0.05295520601099479,-0.3402711731693635
715,2022-02,-0.07000636269399307,0.027926115108678484,0.038310390246936166,0.05295520601099479,-0.3402711731693635
716,2022-02,-0.07000636269399307,0.027926115108678484,0.038310390246936166,0.05295520601099479,-0.3402711731693635
717,2022-02,-0.07000636269399307,0.027926115108678484,0.038310390246936166,0.05295520601099479,-0.3402711731693635
718,2022-02,-0.07000636269399307,0.027926115108678484,0.038310390246936166,0.05295520601099479,-0.3402711731693635
719,2022-02,-0.07000636269399307,0.027926115108678484,0.038310390246936166,0.05295520601099479,-0.3402711731693635
720,2022-02,-0.07000636269399307,0.027926115108678484,0.038310390246936166,0.05295520601099479,-0.3402711731693635
721,2022-02,-0.07000636269399307,0.027926115108678484,0.038310390246936166,0.05295520601099479,-0.3402711731693635
722,2022-02,-0.07000636269399307,0.027926115108678484,0.038310390246936166,0.05295520601099479,-0.3402711731693635
723,2022-02,-0.07000636269399307,0.027926115108678484,0.038310390246936166,0.05295520601099479,-0.3402711731693635
724,2022-02,-0.07000636269399307,0.027926115108678484,0.038310390246936166,0.05295520601099479,-0.3402711731693635
725,2022-02,-0.07000636269399307,0.027926115108678484,0.038310390246936166,0.05295520601099479,-0.3402711731693635
726,2022-01,0.10265237152123574,0.0019362412890371328,-0.03006578103825608,-3.5138160689784925e-05,-0.39769727953357503
727,2022-01,0.10265237152123574,0.0019362412890371328,-0.03006578103825608,-3.5138160689784925e-05,-0.39769727953357503
728,2022-01,0.10265237152123574,0.0019362412890371328,-0.03006578103825608,-3.5138160689784925e-05,-0.39769727953357503
729,2022-01,0.10265237152123574,0.0019362412890371328,-0.03006578103825608,-3.5138160689784925e-05,-0.39769727953357503
730,2022-01,0.10265237152123574,0.0019362412890371328,-0.03006578103825608,-3.5138160689784925e-05,-0.39769727953357503
731,2022-01,0.10265237152123574,0.0019362412890371328,-0.03006578103825608,-3.5138160689784925e-05,-0.39769727953357503
732,2022-01,0.10265237152123574,0.0019362412890371328,-0.03006578103825608,-3.5138160689784925e-05,-0.39769727953357503
733,2022-01,0.10265237152123574,0.0019362412890371328,-0.03006578103825608,-3.5138160689784925e-05,-0.39769727953357503
734,2022-01,0.10265237152123574,0.0019362412890371328,-0.03006578103825608,-3.5138160689784925e-05,-0.39769727953357503
735,2022-01,0.10265237152123574,0.0019362412890371328,-0.03006578103825608,-3.5138160689784925e-05,-0.39769727953357503
736,2022-01,0.10265237152123574,0.0019362412890371328,-0.03006578103825608,-3.5138160689784925e-05,-0.39769727953357503
737,2022-01,0.10265237152123574,0.0019362412890371328,-0.03006578103825608,-3.5138160689784925e-05,-0.39769727953357503
738,2022-01,0.10265237152123574,0.0019362412890371328,-0.03006578103825608,-3.5138160689784925e-05,-0.39769727953357503
739,2022-01,0.10265237152123574,0.0019362412890371328,-0.03006578103825608,-3.5138160689784925e-05,-0.39769727953357503
740,2022-01,0.10265237152123574,0.0019362412890371328,-0.03006578103825608,-3.5138160689784925e-05,-0.39769727953357503
741,2022-01,0.10265237152123574,0.0019362412890371328,-0.03006578103825608,-3.5138160689784925e-05,-0.39769727953357503
742,2022-01,0.10265237152123574,0.0019362412890371328,-0.03006578103825608,-3.5138160689784925e-05,-0.39769727953357503
743,2022-01,0.10265237152123574,0.0019362412890371328,-0.03006578103825608,-3.5138160689784925e-05,-0.39769727953357503
744,2022-01,0.10265237152123574,0.0019362412890371328,-0.03006578103825608,-3.5138160689784925e-05,-0.39769727953357503
745,2022-01,0.10265237152123574,0.0019362412890371328,-0.03006578103825608,-3.5138160689784925e-05,-0.39769727953357503
746,2021-12,0.018718758721151252,0.002063527289879019,0.0024123638096564815,-0.008515142180501645,-0.11421720942518532
747,2021-12,0.018718758721151252,0.002063527289879019,0.0024123638096564815,-0.008515142180501645,-0.11421720942518532
748,2021-12,0.018718758721151252,0.002063527289879019,0.0024123638096564815,-0.008515142180501645,-0.11421720942518532
749,2021-12,0.018718758721151252,0.002063527289879019,0.0024123638096564815,-0.008515142180501645,-0.11421720942518532
750,2021-12,0.018718758721151252,0.002063527289879019,0.0024123638096564815,-0.008515142180501645,-0.11421720942518532
