SÃ©ance,SMB,HML,WML,RMW,MKT-RF
2024-12-26,,,,,
2024-12-25,0.0010776656330533875,0.005398098070336274,,-0.0012797408833228224,-0.034778720898373146
2024-12-24,-0.0031770039817233557,0.004351144128042496,,0.0015334697972088718,-0.030201681238553886
2024-12-23,0.00021587311183964963,-0.00599347295240951,,-0.004646808485216523,-0.02593319062113259
2024-12-20,-0.0015536549788758792,-0.0006852085740710271,,-0.00030919674527307185,-0.03173150340521764
2024-12-19,0.0034385005812543512,-4.321830116896263e-05,,0.0015733965187505103,-0.03302659314609146
2024-12-18,-0.00034079329613305367,-0.005874386334957402,,-0.005713410765171474,-0.03037954379301891
2024-12-17,-0.0021979154320819587,0.009452336311437031,,0.010835744420437169,-0.03313089236646874
2024-12-16,0.004037479020888854,0.0014507450070963253,,-0.0019700698992528307,-0.03836535110776232
2024-12-13,-0.007506669213883199,0.00343030535449762,,0.007194942097870563,-0.033511687757672805
2024-12-12,-0.001846687619849776,0.0033345112075457406,,0.0001390724384656072,-0.03532853103595515
2024-12-11,-0.0044801633719745125,0.001490287975146473,,0.00400030151454866,-0.032089221184662314
2024-12-10,-0.002678050939428309,0.008387748182826057,,-0.0008460313274813208,-0.033750737682780946
2024-12-09,0.007075842373113511,-0.004961346344066988,,-0.0038919588419381746,-0.026358475483143753
2024-12-06,0.0029806714347612928,-0.0018660594471565913,,0.0003274112933703381,-0.035831550519293445
2024-12-05,-0.005343535457751597,0.010918042264114532,,0.002416752699991484,-0.025333288510103094
2024-12-04,-0.0020213701662039657,0.00907429267691097,,0.004454254055548303,-0.0421650427266872
2024-12-03,-0.0012864457791821305,0.00856144215974076,,0.008202614935746885,-0.03475586385143437
2024-12-02,0.0016478577391247384,-0.00402730391257262,,-0.005332034361286539,-0.033525212174906185
2024-11-29,0.005867508556177539,-0.011199300267094038,,0.00025203591052207273,-0.024761953383252433
2024-11-28,-0.008546145005169209,0.0064463402227565615,,0.001583346862882296,-0.029357111845564277
2024-11-27,-0.006738352338043025,-0.002403487109496505,,0.014092826046220974,-0.031941668641538856
2024-11-26,0.003283915621144753,0.0017622797726274074,0.0021273392137369836,-0.006163632162752281,-0.03879579150114504
2024-11-25,-0.007978186716570638,0.0035537501040779776,-4.245869554238236e-05,0.006294793732582359,-0.03908305595451461
2024-11-22,-0.0017676035714576611,0.0006111233712991732,-0.001857017189085412,-0.002017967054201584,-0.020887772934830913
2024-11-21,0.00962153412062914,-0.010246873937008277,-0.007798397006463829,-0.005186021250381262,-0.033843449559404916
2024-11-20,0.003470986944347068,-0.012811031842320242,-0.0011804237695845197,-0.013508710142941707,-0.024635049709141467
2024-11-19,0.0024563962672246014,-0.004145348452669359,-0.004215810738523649,-0.015229018505709974,-0.032852090744346356
2024-11-15,-0.0047217161944216254,-0.0003316097502545361,-0.008764439994062437,-0.005411995506970711,-0.039834505491125986
2024-11-14,-0.0011606148970392852,0.0008017582983701399,-0.001107390533747257,0.0024845791519596747,-0.039696966432489204
2024-11-13,0.010273337077231813,-0.008554041220474576,-0.0013833039399217884,-0.010108158927320485,-0.03724370283964352
2024-11-12,0.008252628458734933,-0.01261622788088305,-0.0045010901812437935,-0.0009947141795299305,-0.03421301962137003
2024-11-11,0.005550319283763964,-0.0035304857239661495,-0.00552172259536985,0.002724142308923171,-0.029485089935688664
2024-11-08,-0.007035595133446667,-0.005861509504663839,0.0016580917255678983,-0.011606595769556092,-0.034208930563319646
2024-11-07,0.0055037597450435195,-0.0018945735573114217,-0.0034856944439016608,-0.00011109384425470438,-0.04427220154520107
2024-11-05,0.002075696623409729,-6.250217675805338e-05,0.00014020991920570317,0.007350018429414587,-0.04546568094204318
2024-11-04,0.0076053940146077,-0.001357823894238623,0.013995116619238294,0.00017939970356766009,-0.03207674922573745
2024-11-01,-0.0018168000099330612,0.002702447534115555,-0.005423654811058844,0.005366898648796269,-0.03440877969845103
2024-10-31,0.0034452220980408467,0.00749546657719918,0.002910371045528979,-0.001544282506923585,-0.03943825962364623
2024-10-30,0.0029032441134779876,-0.006239932277018868,-0.00821148022322812,0.0072421940274020515,-0.03129665447030084
2024-10-29,-0.00520830997973152,-0.002149192458934403,0.0030173214075410156,-0.00025873002354206325,-0.027687290666502225
2024-10-28,0.010676469135370731,-0.003215109365069976,0.0018899444222594001,-0.006360802153638344,-0.035870760223453334
2024-10-25,-0.006149144195019198,0.0033722721943660154,-0.006517465716308173,0.0016056556600201645,-0.03520129082303236
2024-10-24,0.001326756531964712,0.006124917702657931,0.008844944342568235,0.0023623514253061847,-0.03612331763246501
2024-10-23,-0.008134202374928708,-0.004378418914515852,0.0023760084243854827,0.003359714193065117,-0.034495332784802324
2024-10-22,0.009184357493667302,-0.0007644154409081294,-0.006574409089384352,-0.0015691537207944378,-0.03542406112522767
2024-10-21,0.005808236405038865,-0.013274694637354147,0.007751811120089645,0.0020675380425558363,-0.03372468604334938
2024-10-18,-0.01113783314308639,0.00853326884859811,-0.005748223155945714,0.011381926379885214,-0.03332887102494325
2024-10-17,-0.004819160761305003,0.0015812552006919287,0.0113211051652279,-0.0007490572530794093,-0.030186321165827035
2024-10-16,0.012080555811989715,0.010690806133854168,0.011473595340061236,-0.007013382622341873,-0.05392716852191343
2024-10-15,-0.009697949511196187,0.0020793786848634426,-0.009030491681992627,0.010033096188150705,-0.025781949094664795
2024-10-14,-0.00538918197404437,-0.0019139947379246394,0.0018100086803034265,-0.014684850951267453,-0.02555458319943537
2024-10-11,-0.004518466666495004,-0.0062689438542886805,-0.006788490638540225,0.002538672360482103,-0.029510872350910343
2024-10-10,0.004822963516098401,0.002666313301033825,-0.0070941699044894165,-0.007299550624835095,-0.03320068283308666
2024-10-09,-0.008885438981248436,-0.0016920933388166978,0.0004934808841782845,0.002938471301669137,-0.030269592961692543
2024-10-08,0.013881786839140334,0.00025327873488539647,0.0017067419399596508,0.0021901821018812185,-0.04270335657057974
2024-10-07,-0.0017691228094055805,0.001409741310678802,-0.002120152771566868,2.5787918059114836e-05,-0.023780422889342692
2024-10-04,-0.01796004358620283,0.015003520505254933,-0.0069080530984762705,0.006277997293956601,-0.032852489763698714
2024-10-03,-0.014365802623351649,0.0022311473777839614,9.227575938635865e-05,0.004320965459271726,-0.03442149822769115
2024-10-02,0.0045574351480460835,-0.0006168238756357502,0.007904071389659224,-0.011791225484639796,-0.04278097251404868
2024-10-01,-0.014361799047635888,-0.006959266803513103,0.013282839504325867,7.642615857603305e-05,-0.020964336175958068
2024-09-30,0.0006417393171831726,-0.007820242041209253,-0.001857872843148264,-0.008370295599400486,-0.021636273809324848
2024-09-27,0.004422067606014373,-0.009881645485384827,0.007043421425240546,-0.007938834310612226,-0.028377755364573945
2024-09-26,-0.003459509161979864,-0.0012250417277291483,0.006578364272715197,-0.005516916281916825,-0.03758653830764761
2024-09-25,0.00238188688318952,0.0006656534041065807,-0.0004928038839842105,0.0011174176198400832,-0.03827871954962828
2024-09-24,0.011575851269313459,0.0012621610579019865,-0.01016033151766855,-0.005004900306565339,-0.03841982853741147
2024-09-23,0.00870654605046487,-0.011509698185107269,0.0009719081309614796,0.001006058986492758,-0.02688785969960676
2024-09-20,0.01612765755982249,-0.006083693967686746,0.0029843574769980114,-0.007811019178268865,-0.03433998021843526
2024-09-19,-0.001382853539445797,-0.003603231868905018,-0.0026986379394513377,0.003598195547592865,-0.03793878452398394
2024-09-18,-0.010792597799036893,0.004355942486307297,0.009353076178057553,0.01327309007810101,-0.04034865152772523
2024-09-13,0.0048645043679388655,0.004797385911369998,-0.005646864528446533,0.002880302017381304,-0.03988623779768271
2024-09-12,0.00721582423615392,0.0022867532532286315,-0.0004929296680144708,0.0026530209730890914,-0.04173401005760648
2024-09-11,0.005022771454822678,-0.005528120277308634,0.002515518417141593,0.005358186476489541,-0.030576459617670207
2024-09-10,0.006750924370261969,0.004520427295255872,-0.009343498582966585,-0.0011546967740510535,-0.03203644495401964
2024-09-09,-0.0019544373009763075,0.0027231289276695094,0.010302628896839623,0.009612288521224607,-0.03151289103264107
2024-09-06,-0.0035884859731862935,0.0010151560921729213,-0.0005941724274109624,0.003629452397653829,-0.03884068171275167
2024-09-05,-0.0008156307893231276,0.002597806617981633,0.002640557214454923,-0.004256781791035957,-0.03502401318673245
2024-09-04,0.0030644682773866058,0.0011516586643837805,0.004717543117906436,0.007304428237096428,-0.03888697274325372
2024-09-03,-0.0027167655628019963,-0.00034769889143075106,0.0007016490309093436,0.015488837310321742,-0.03121112749233481
2024-09-02,0.00029434803498322275,-0.009332350031298606,0.003729708834256712,-0.007635316645108732,-0.029449879764180696
2024-08-30,0.011429056041441066,0.0012350343879049415,0.0062305755114873875,-0.0023231190678415763,-0.037158056239004054
2024-08-29,0.0017687197280820785,0.0045955459416908324,-0.003590150072874031,0.008440224897516174,-0.034553804879900805
2024-08-28,-0.004565944424688641,-0.000863515696116001,0.011982376917664832,-0.0047809600936730996,-0.036674689665006116
2024-08-27,-0.0049642888923453286,0.0027613760849365893,-0.009268404386221922,0.0022513955743347727,-0.037497028860297404
2024-08-26,-0.00048951965800193,-0.006067459525110646,-0.0054755919371491405,0.0019485116738323068,-0.031654599812011394
2024-08-23,-0.003027536030480825,-0.005573267714494769,0.003772782052531673,0.0014402193124518677,-0.03365931977855566
2024-08-22,-0.004498393514840859,-0.0036865890526334073,0.006666019575522946,-0.003145075103167305,-0.03768932893670349
2024-08-19,0.013518650212523749,0.007848972582096544,-0.014092049904887147,-0.011701492744523246,-0.03681998992793098
2024-08-16,0.007092442066060527,0.008027549981049377,-0.015241755624723989,-0.003293908988525102,-0.03718922435317926
2024-08-15,0.005671348386255793,0.005199429201172458,-0.0032597051421829944,-0.002989096367876058,-0.03742224015105514
2024-08-13,0.009161216517238118,-0.0011080407973694806,-0.01464756418997969,-0.0023057240017269904,-0.03965668506372985
2024-08-12,-0.0026525714107956773,0.015171181721558114,-0.014950280034927309,0.01553927011776049,-0.038548467067466924
2024-08-09,0.009814237835573076,-0.006775752969007538,-0.004420210027599134,-0.006821983481112107,-0.03508062390805824
2024-08-08,-0.01122436388971574,0.0026671799289149194,-0.010054654799661129,0.01230352380852925,-0.035467527505906336
2024-08-07,-0.01175141709962195,0.016947876046716666,-0.015808601106522838,0.0009976931441375465,-0.03707657584420145
2024-08-06,1.8935193791905572e-05,-0.0002833059781403625,-0.002100151015769124,0.00516930162264319,-0.03408246935095218
2024-08-05,0.010050860096026366,-0.001134449825696624,-0.0007375730802579132,-0.015929570378978984,-1.1966428339381934
2024-08-02,-0.01114401483937102,-0.009643926734185522,-0.004582851053938244,0.021036009926986045,-0.006531366797094228
2024-08-01,0.007329415955491032,-0.006626074501666763,-0.00664008245081859,0.002081721196619043,-0.03705148564677875
2024-07-31,0.008788742997981762,-0.006321681142310291,-0.010408470844298728,0.007216469230897746,-0.0354750626267357
2024-07-29,0.006564445634545461,-0.0031412870179586844,-0.0039986727118522004,-0.0009732231203166634,-0.0415972659327831
2024-07-26,0.005958352010611459,0.006465437967892606,-0.0007842525670456761,0.013183232173941784,-0.04541651542964451
2024-07-25,-0.0009897695448682418,0.0016566456627967008,0.0025838985800071823,0.002418944905148395,-0.04409900930689601
2024-07-24,0.003624514009355496,0.003240677452286846,-0.004978856314137969,-0.0016531647561403018,-0.0373553713822101
2024-07-23,0.00890711200174723,0.00788486399288302,-0.0005669443804381651,0.0011121833876031845,-0.038735006851753885
2024-07-22,0.005301133323197319,-0.0034559588963521347,-0.007190731630180617,0.007981809309222205,-0.03535758655732854
2024-07-19,0.008522332707886222,-0.0033213408505434576,0.005116592919630963,-0.0027274022232464633,-0.03474588822130659
2024-07-18,-0.003401430927880801,0.004301322265439936,-0.0048924827943530955,0.010527397958059601,-0.03820506839169366
2024-07-17,-0.00018709524881850266,0.0006573412674553312,0.0014044104937701743,-0.00399241549844233,-0.03699759104997932
2024-07-16,-0.0034769753327323037,-3.1693435022940586e-05,-0.001757158809339127,0.005082392167237826,-0.045719019240666764
2024-07-15,0.010375306311091426,-0.007860053490539866,0.006188524392879938,-0.007339856283055499,-0.0378848504105955
2024-07-12,-0.00662312116083244,-0.0012699570284337887,0.005209864790139116,0.007852923598440005,-0.030135676460265534
2024-07-11,-0.00042373418701384673,0.001757566278501477,-0.007928810045369557,-0.007864802053741113,-0.04225401600729546
2024-07-10,0.0026282684541917584,-0.00024288913681127166,-0.009157624828697572,-0.0008504374041563723,-0.04165111232908446
2024-07-09,0.005350725583415544,-0.004258357538225739,0.0029523683226467187,7.195258591743275e-05,-0.03707473340480913
2024-07-08,-0.004345351974606141,-0.003803967475268294,0.008758647106597277,-0.00024866397183995843,-0.03544515935963855
2024-07-05,0.00026770512006491463,0.0002917746200867034,-0.008765152185172757,-0.00235407025366287,-0.03601631436195306
2024-07-04,0.0019997524275179087,0.00042931547331379115,-0.0018036900956607787,-0.004224453225007509,-0.04215443926173067
2024-07-03,0.008609105560728674,0.0013794588359606853,-0.0021755814233403686,0.0029756894434624557,-0.04330305841476843
2024-07-02,-0.008579008927706019,-0.0077747668467644275,0.0009366863849914159,0.003196360704627006,-0.034005019450626825
2024-07-01,-0.009006919654407511,0.004705321898897217,-0.014800817792067586,0.0015644346589155263,-0.03235345080884665
2024-06-28,0.015047474990278427,-0.009363390401361268,0.006306470665012385,0.008365209875130652,-0.03688088649480188
2024-06-27,0.009360605120136943,-0.003764401111759363,-0.0007001488417139982,-0.008086467767574317,-0.03546521300835599
2024-06-26,-0.008474915900004399,-0.0026205852096199316,2.96137018331445e-05,0.002272079551898142,-0.03392583801094465
2024-06-25,-0.006711264355767096,0.0031033689938774226,0.005789073322445878,-0.0033591694544794757,-0.03383830586284546
2024-06-24,0.006330746394223607,-0.005230668543530562,-0.004057140106034587,0.0024594040089210476,-0.059481871035505035
2024-06-21,0.0002441591878223244,-0.0005371046656456443,-0.006229835291941713,-0.004829177567389262,-0.037093813618936905
2024-06-20,0.0027546070481393402,0.0006770895594511524,-0.0050041146439828875,0.008520125880771154,-0.03848159875944043
2024-06-19,0.0022634227566387536,-0.004420176699093186,0.015183643388577816,0.003674398573465383,-0.03440093286759069
2024-06-14,0.00026508036908045804,0.004888886096042945,-4.776110443361321e-05,-0.0046258035445826675,-0.040307036171652676
2024-06-13,0.0001460877331234023,0.005897086588050781,0.003650574467978785,0.004085191408220696,-0.03626173196539852
2024-06-12,0.0022409360038538988,0.00019450025557964275,0.0009341389342448238,0.010056435398827284,-0.040243841886370334
2024-06-11,0.010486120729722721,-0.010809851393198636,0.01110663819992964,-0.009389118041920594,-0.03651209039607419
2024-06-10,-0.014525878315166229,0.00262348273595367,-2.2438356796685138e-05,0.004401292231481139,-0.04033435076971983
2024-06-07,-0.009926288508703172,0.00943751495893503,-0.015922500703808146,-0.0004279979655073887,-0.03538465975716229
2024-06-06,-0.0012526297661444182,0.008532459304465084,0.0014494055680165903,-0.007837605244188677,-0.0347192266008369
2024-06-05,-0.0068684530362773995,-0.0065431288331001276,0.00809640449318938,0.0059363179560311275,-0.05266323753280208
2024-06-04,-0.0074816145560808005,-0.006039010861118353,-0.006978315879908931,-0.0045133163750154075,-0.024063567937247815
2024-06-03,-0.005388750419683008,-0.001636174022587796,0.00821454349214585,0.0021199401395409923,-0.03257648798471277
2024-05-31,0.0014054275846667212,0.0007851543906956795,-0.011155764708421632,-0.008857709673107167,-0.038757074830062785
2024-05-30,-0.002606250433080719,0.0015503478760584394,-0.013909149282862746,0.0013025696778941793,-0.038117017138728664
2024-05-29,-0.003924925892640841,0.0006963452714691589,0.0025804475411410305,0.003341618714875319,-0.035927256715257025
2024-05-28,-0.0031656198411485364,-0.0014163095867391936,0.003975466258749239,0.007091938902307093,-0.03627542782733248
2024-05-27,9.34695208997258e-05,0.004611349923193033,-0.0004831975910167502,-0.004417302973612583,-0.04183299682843464
2024-05-24,-0.0059847613657375755,-0.0004110681599322108,-9.904602455767814e-06,-0.0015437567180585671,-0.03496012219603248
2024-05-23,0.0044616768583864335,0.0007587287298245138,0.0016528066168607254,0.0014429857951349895,-0.0379090018084389
2024-05-22,-0.0014295376801644665,0.0001472228793611805,0.00029030001209634244,-0.0007424052548087364,-0.037035888238499765
2024-05-21,-0.0042290139985768326,-0.008198058173830838,0.004024601973483992,0.0002215578039111146,-0.03567023135239353
2024-05-20,-0.006519447409532355,0.003117199669889068,-0.001562297182464912,-0.0033060341743352505,-0.03696797496867085
2024-05-17,-0.0050804846112266445,0.010808661065738571,0.004704737167724756,0.010651149686976589,-0.03963433240173155
2024-05-16,-0.0010549046365120858,0.006901309784805697,-0.015527867308210003,0.000386324440135543,-0.039378052990408106
2024-05-15,0.0055639559524465814,-0.004535531576365674,-0.001701523778543141,0.00017065372480825746,-0.0375230972974647
2024-05-14,0.0036238026289525864,-0.002340464628860583,0.0041220550123106554,-0.002012225601567991,-0.032305302898004234
2024-05-13,0.007671955361357821,-0.0079226901042929,0.0012507797617852525,-0.006074030760401023,-0.035296711329006906
2024-05-10,0.0017813467225560045,0.007177867953562545,0.004613234930293378,0.0060887100074084564,-0.039327215152422185
2024-05-09,-0.0033944629788275967,8.067181789990724e-05,0.011370989389635407,-0.007920054153319164,-0.04187627244388423
2024-05-08,-0.0021575507226460414,-0.0037614512639825215,-0.005830390771973359,0.005218417694596686,-0.04268892510757624
2024-05-07,0.004564927163655172,0.002056624192471815,0.002450249758836935,-0.007700977446005709,-0.04146993086469974
2024-05-06,-0.003255249384463567,0.0047756175572604455,0.001323938596371651,0.0023290623214168036,-0.0392209643013559
2024-05-03,0.004534574316977185,-0.0011952560498655208,0.0012839444073317423,0.0030310421522917316,-0.035182073733714174
2024-05-02,0.004560937248026803,-0.0036607667153456393,-0.009193426097077607,-0.00092420574140101,-0.04438547777837297
2024-04-30,0.0031196723907869857,0.0065934064850995565,-0.00040472012795378896,0.0025006856223770677,-0.03851158825813016
2024-04-29,0.00026392518469771495,-0.01182125017680219,0.004747438867349439,0.0030699173108196046,-0.03415530644541597
2024-04-26,-0.002643983217121366,0.00285030681323697,0.0007087944129544083,-0.0022441432714714513,-0.039695720245478426
2024-04-25,-0.007320204059122629,0.005026786648415762,-0.00415212800893483,-0.008510701407031442,-0.03886034975634833
2024-04-24,0.0020465688913589965,0.010411439956609914,-0.01732015149634697,0.0003373669649086499,-0.04316317238966016
2024-04-23,0.007774709622570497,0.001979080106859003,-0.0006885770112563102,-0.00014283297431428275,-0.04085395129394242
2024-04-22,0.0027152063979760006,-0.012714430660940362,0.0030865850956705867,-0.0009922539602620086,-0.034051098624479186
2024-04-19,0.0005110488116736481,-0.004215438817226347,-0.009321866061737422,-0.01461713838554857,-0.02699286158409476
2024-04-18,0.00374400805939223,-0.009003846511477377,0.002510233173735242,0.0024320987065638753,-0.038178994299688525
2024-04-17,0.00972004966669406,-0.002110139467317385,0.0022736010486980526,0.011599692246500252,-0.043613802390033325
2024-04-16,0.013267620927256502,-0.009969370536345064,-0.005082333164274274,0.008351225216968659,-0.040040447770353475
2024-04-15,0.0055189662817730495,-0.007877453285616166,0.004566579064593609,-0.013614645658405856,-0.037583017411877244
2024-04-09,0.0030669330554713354,0.0010734766391663538,-0.008530104851247673,0.01049037891038131,-0.0407002257791298
2024-04-08,0.004118181778382414,0.004077707926594079,-0.008586736424186862,0.004965261903966945,-0.04754479770327682
2024-04-05,0.016597180824469124,0.002501698948673853,0.008880275016582099,-0.0029518801404019405,-0.04610539204006072
2024-04-04,-0.008631529269211919,-0.0061664046099248245,0.004454844733189097,0.013218818963602389,-0.03938864153678525
2024-04-03,0.004890548773444848,0.000742402619888137,0.014333624710261715,0.007748892862472881,-0.03928980901499792
2024-04-02,0.011091578774594442,0.004585653790597836,-0.00010155196103455236,-0.00524770456060384,-0.04168711165992351
2024-04-01,-0.004570152925528028,0.0033230268970533923,0.01160165836370993,0.0025859947143654968,-0.04197768849547225
2024-03-29,0.004899188505290665,0.006217871540728909,0.005961454357404768,-0.003943944318984001,-0.03825751972718005
2024-03-28,-0.0004483426506160036,0.0026326558728896467,-0.005497537730968547,-0.0071453532939053516,-0.0398537523479579
2024-03-27,0.00012050950014562086,-0.007339259843389681,-0.0036370092858632914,0.0067395673338260745,-0.03871132165166616
2024-03-26,0.009485997071380757,0.00877136897313647,0.006665572531389869,0.0007877562069781557,-0.041489357052439994
2024-03-25,0.0011223287847735575,-0.0033810909539829393,-0.0025872667511739867,0.0021421908944194764,-0.03622859646419057
2024-03-22,-0.010304624224113466,0.01252323180105418,-0.0055179329428027245,0.0006736065499289004,-0.036995320987622454
2024-03-21,0.007464014226451061,-0.006037984085206348,-0.0034269880669131007,-0.001168677118136608,-0.03836973086627759
2024-03-20,-0.00314087082340663,-0.006937129926389724,9.842670141087183e-05,0.010970644346393832,-0.03945867140516068
2024-03-19,0.0024847961599250555,-0.007592907069056681,0.01794823511615482,-0.002144744562170477,-0.03264062406251466
2024-03-18,-0.0009626307640809335,-0.0017149798037579883,0.005226387073092325,-0.0013714426893477196,-0.03433321027538915
2024-03-15,-0.0007401961956980498,-0.0016385781272399166,-0.0037965348320407296,0.0009259014478399412,-0.03993720603837274
2024-03-14,0.000653233083468746,-0.003348644020184368,-0.00925727482277196,-0.006375487837188612,-0.04552574519664025
2024-03-13,-0.0006602987965286819,-0.0012431018600649615,-0.009236106044702333,-0.007750522046356194,-0.04459481884341407
2024-03-12,-0.004213063839127303,-0.00015275129434666847,0.006353578628257356,0.0023354660216209355,-0.04138133984280394
2024-03-11,0.00021247742602985677,0.010915179405479734,-0.009418676159278029,-0.004526508493126889,-0.03782571110317327
2024-03-08,-0.002025013426841164,0.0022972576364396276,0.00114023619460114,0.0030323249459390644,-0.03396206481544703
2024-03-07,-0.00918808277043663,-0.00482382624303516,0.0054847856710302685,0.009653999382192654,-0.04074740400227991
2024-03-06,0.004039403212609842,0.00035494316199701946,0.00276577253708624,0.007705406531252094,-0.03357143553884409
2024-03-05,-0.0061574430416501,0.009965610529953983,-0.005970248035332229,0.0007571362802103254,-0.0331226165770591
2024-03-04,-0.012466979728563204,-0.01023618731604922,0.0010642171816280482,0.003109410105932924,-0.038317012379646506
2024-03-01,-0.003319549825970352,0.0033118478900390764,-0.000574290813713143,0.002034730369395869,-0.037693658872200025
2024-02-29,-0.0014616637158407064,0.0011676647327881569,0.005172026917989067,-0.007703328029444385,-0.03668128218087045
2024-02-28,-0.0006688237722962372,-0.01126532639750054,-0.004232276928119624,-0.0022758033449785664,-0.030505485055146504
2024-02-27,0.009965718739836532,-0.0036255709355850945,-0.0006353294132351115,-0.0014435498034392666,-0.04106293761301685
2024-02-26,0.008072682296153075,0.0015559590736319386,0.003323868918358738,0.0016344137009859003,-0.03698465064792025
2024-02-23,0.00011264171520080322,-0.004745868813370075,0.00810367878192134,0.009088015263362205,-0.04106487488053638
2024-02-22,0.0030067149648163854,0.006245306992303325,-0.009445421286304212,-0.009542261277368902,-0.045848199047847024
2024-02-21,0.0057996859126882485,-0.003481263131901483,0.009492429532778788,-0.002998933023623,-0.04163064662149835
2024-02-20,0.0021027683625764494,-0.008228025155195372,0.006096164506460962,0.008299909633627891,-0.04550587368643728
2024-02-19,0.00955609719680929,0.004480861876919429,-0.0014721993833323385,-0.001925177718921544,-0.03711707467127981
2024-02-16,-0.0033624201547434174,-0.0040222200554485225,-0.00576549928709175,0.0045045844822998605,-0.043439317200325095
2024-02-15,0.004423284299096747,-0.005539705743846912,0.008486419124493511,-0.002458445934016414,-0.05090979709993775
2024-02-14,0.00372018763546915,0.0012345549361628052,0.0026183630745670555,-0.008199931877963338,-0.0376964990756534
2024-02-13,0.00797734851930243,0.00041409016723863677,-0.013265012776591516,-0.001301615616467112,-0.0443211270430507
2024-02-12,-0.00494902061631203,-0.006667371175109228,0.007622239966333298,0.009588366103935214,-0.0403727055590411
2024-02-09,0.008318930448407903,-0.005827674058250354,0.00038484586227432224,0.006637966117864385,-0.04181912458752285
2024-02-08,0.0033377117547459044,-0.008826179388069507,0.005395727197322175,-0.0031566300886879135,-0.04225899026676322
2024-02-07,0.0041367189461669705,0.0022686230637306635,-0.000641769678539926,-0.013538846824978438,-0.04560385181257226
2024-02-06,-0.0038119644377635144,0.0002901346828162125,-0.007454588175675617,-0.01117623487116531,-0.041221224752028884
2024-02-05,0.006281784093564722,-0.002195628213923999,3.1934002676436393e-05,-0.0023128546463214348,-0.04646697292365268
2024-02-02,-0.0006515960245473777,0.0026817921937646425,0.005488757422879586,-0.00657757664983958,-0.035494751912739375
2024-02-01,-0.0013263427647870777,0.010735971080073561,-0.0029016983601480757,-0.004288958853336197,-0.0403389684560444
2024-01-31,-0.0012004229929483828,0.004800482490619968,0.007856048687584678,0.008932307531477461,-0.041263408822427544
2024-01-30,-0.007590878746673561,0.003972971601631063,0.006201236749614253,-0.002992297018905275,-0.04123896565082067
2024-01-29,0.0006191191509530413,-0.0012199192365006126,-0.0019624300005563027,0.006484615067390314,-0.03863226439302595
2024-01-26,0.006122503274400205,-0.0004236509627437203,-0.008625518761009941,-0.002276315480730479,-0.025892335457476316
2024-01-25,-0.0019088086510768573,0.0014350279985345295,0.0028081212161783498,0.00408750146969185,-0.035156233478760436
2024-01-24,0.0016256265977641381,-0.002267130590404504,0.004089649082358025,-0.006493959764977823,-0.037214464398652176
2024-01-23,-0.00031601635582898836,0.0010456227497927537,0.0010073435743165114,0.014259549751444712,-0.03559081428882707
2024-01-22,-0.005093404378339017,-0.009051656900483046,0.0118715492343401,-0.0031778013923039897,-0.04047721075598506
2024-01-19,0.011914747198697433,-0.004554749764911359,0.0006253813027671936,0.0031346463378803505,-0.0413838645599251
2024-01-18,0.0043048724560180406,0.0009739245526020424,-0.005853122769591242,-0.0023443799233210543,-0.04142334426469985
2024-01-17,-0.0027186238327462317,0.008801578438071226,-0.009197106186534323,0.009259187323369939,-0.04294113870930155
2024-01-16,0.008620231302594143,-0.003611179698623932,-0.00896272816520582,-0.005558268542864822,-0.040917494182443365
2024-01-15,0.00046508377885193285,0.0016359178874952966,0.003919830357015332,-0.0017388071185293883,-0.044821141299230066
2024-01-12,0.00921718572511332,0.0018097776780194638,-0.011482150729835928,-0.005057663022985804,-0.03393044698259752
2024-01-10,0.005267782167469804,-0.00960272571585304,0.00563649968786286,0.005459989330850562,-0.039376658750523846
2024-01-09,0.0035364526882398603,-0.012267314076397801,0.010276809443676737,0.004717182879218555,-0.04189107256816433
2024-01-08,0.009427523311439031,-0.0028991313568902466,0.007724605884389961,-0.003861682821030557,-0.043411714567038746
2024-01-05,0.004523102586361047,-0.0014040005062314824,0.0057840203542331575,-0.006667426007191618,-0.041096451209091917
2024-01-04,0.015353001913202786,-0.014092548492792014,0.014857141063781411,-0.0019487243321041027,-0.04723810239099732
2024-01-03,-0.01527532321591583,0.011536457215683377,0.001495388734827627,0.00739247630557842,-0.04408485177210239
2024-01-02,0.010345098693774563,0.002468477108207641,0.0010194483658413243,-0.0015087587216488325,-0.04764875743716619
2023-12-29,0.004170283513271873,0.002314257429441311,0.001621138721566461,-0.0007736390022850242,-0.04441121494713492
2023-12-28,-0.0080104150001167,0.0073273409732968735,0.012482164374467131,0.011923745608723862,-0.0442163592346146
2023-12-27,0.0020801711293006913,0.003909274672584413,-0.005770884355914087,-0.002829553790491498,-0.03562904136496521
2023-12-26,-0.0030770824354490866,-0.002778839193952428,-0.0092247346993974,0.014011144974544667,-0.0425912062343988
2023-12-25,0.0018379498818189705,-0.00399338216656837,-0.006353605629315872,0.0042074832741598525,-0.03592951740933145
2023-12-22,0.004288017153909323,0.0017409900564121891,0.0063059988182741,-0.010786774397075548,-0.038175828817281515
2023-12-21,-0.0020233757412813653,-0.0030534209572619805,-0.0026101668370234463,0.004248709004587509,-0.0409912416670066
2023-12-20,-0.008955740101471907,-0.006128372670843365,0.001398547976575354,0.005735382231107081,-0.03586312931408295
2023-12-19,-0.0004964854722742152,-0.0008846724738788655,0.00059400662149708,-0.005340605124881812,-0.043880894684344654
2023-12-18,0.013920543132063675,-0.0054350885458363755,0.00568359535990824,0.0005199069183729607,-0.04432486660235503
2023-12-15,0.008870083011946577,-0.0020403654554991377,0.001981502227440175,-0.0015036661205012933,-0.04477788581297594
2023-12-14,0.004985847397664618,0.0004901924518097157,-0.005234076765568799,0.0011446152627861547,-0.04101290462648419
2023-12-13,0.005269794795775646,-0.007747498128665852,-0.00048306813104158656,-0.008072904494680365,-0.04323989130415082
2023-12-12,0.006823669028745868,0.0018477492433518162,0.0034981287468147286,0.0013942328580647256,-0.05164291516022033
2023-12-11,-0.002583546281718979,-0.002170241302569343,-0.0010145766741867118,-0.00255671396587444,-0.04543796363818497
2023-12-08,0.003148797992744834,-0.008163868617328273,0.0009058788228364528,-0.003837241410914873,-0.047469231529607796
2023-12-07,0.004606270655387769,-5.851019994632415e-05,0.003173364057000998,-0.009355494108114083,-0.04676528466429341
2023-12-06,-0.0009810420023054003,4.6097819750830194e-05,-0.005105899794885469,0.006613935550490006,-0.047729727020752837
2023-12-05,-0.00496568065338641,0.0014842664288717813,-0.018555770796522587,-0.01004036729918712,-0.04169788361201742
2023-12-04,0.00021173897404086473,0.0024996505638251484,0.014351424711694503,0.00046825722164484367,-0.04453405738384474
2023-12-01,0.0016299923727625882,-0.004055567233277771,0.0032949094963610256,0.002237636584120176,-0.04015358693887265
2023-11-30,-0.022864580097794438,0.009020760619250945,-0.0050390999750371795,0.0037237937428820774,-0.039220141965323106
2023-11-29,-0.012224701101652875,0.0020295523813496467,-0.002929435760748413,-0.001819111843299621,-0.04173463211001465
2023-11-28,-0.001182612512465057,0.0010421699591448893,0.00018443255780638734,0.0010904836123709046,-0.0425474986528507
2023-11-27,-0.0015540841212785018,-0.0035375688658862486,0.006028896393552709,0.0030323931534872875,-0.036552532655758224
2023-11-24,-0.0037290923399995106,0.005624752397695468,0.003132369515706279,0.00271075720656997,-0.03265418981254495
2023-11-23,0.004508857943573145,-0.007033784111778467,0.001118854310966382,-0.0070375886729047,-0.04122290979588364
2023-11-22,-0.00606086002444333,0.0061465315183146605,-0.004701385118147766,0.0005481196702116537,-0.041195031790705404
2023-11-21,0.0005642232243788638,-0.003759046460685858,-0.010716401134465824,-0.008584077404751169,-0.045115622880166927
2023-11-20,0.004015543235011793,0.0021289498041185584,-0.0013170796096596442,-0.003948175821089936,-0.04289039115876716
2023-11-17,-0.006320119977159725,0.0008599912325376595,-0.006883999915786201,0.010605698296772239,-0.0459234905212236
2023-11-16,0.0006789775495949077,-0.0035280677100670145,0.006899114379010109,-0.004258839576135556,-0.04149971869321276
2023-11-15,-0.005863517401466005,-0.007162556486145977,0.007797066685617103,-0.0004303067510463992,-0.04958654824482631
2023-11-14,-0.0004800981247203766,0.0016888655400359386,0.0026711770276019,0.004637175432785856,-0.03688195500770591
2023-11-13,-0.0050351008082132305,0.0006385213558541374,-0.0011511569609156218,0.011333354910912523,-0.04361962948405807
2023-11-10,-0.0019080030721374938,0.00046538678182336476,-0.0007217084329669229,0.002676782129086989,-0.0452903169384417
2023-11-09,-0.0009586593128877059,-0.004193906488554386,0.0028206578309050204,-0.007273605481450158,-0.04350110435465442
2023-11-08,-0.002153543466623549,0.0049425205228500356,-0.00258221963709799,0.0024153186707894844,-0.04217940000791507
2023-11-07,-0.007335281409824505,-0.002520682328552232,0.0027140244428390963,0.0017788987371984816,-0.041057846116628306
2023-11-03,0.0029647962173399178,0.0008732078119858572,-0.00114686325128793,-0.0036437079419099246,-0.04451668476378308
2023-11-02,0.0035033741428602606,-0.0036866115373361498,0.0028204540980355415,0.0035705674737676104,-0.04113317435154856
2023-11-01,-0.008457321780598968,0.002449790570597403,-0.000838213029500125,0.002369688937111409,-0.041745888016801576
2023-10-31,-0.002461586217527997,0.001314526984993801,0.006388132083078234,0.0015843734671619931,-0.044233223402245406
2023-10-30,-0.0006991815274197939,0.006749482191050052,0.0018837498616298476,0.0008982835914203173,-0.05160732293710131
2023-10-27,-0.0076524455194478804,0.001171058926805257,-0.0011800305457140385,-0.00240863080721859,-0.038487844829098596
2023-10-26,-0.004655041671250775,0.003333384273960616,-4.9324248504414425e-05,0.00045613510650020046,-0.03979986247478726
2023-10-25,-0.0041377914736727165,-0.007669040336069464,-0.003994378101730962,0.003631629789663751,-0.03451995098626497
2023-10-24,0.002386658822070225,-0.0019941869412519564,-0.005197762388023618,-0.005113898803364298,-0.03757529107935003
2023-10-23,0.007678449665587221,0.00351540927137001,0.003737341599355174,-0.0027514454996755153,-0.04076730053503857
2023-10-20,-0.003586885343706443,0.0029647707424994055,0.013245755217023926,0.01162113587336958,-0.04396652739153626
2023-10-19,-0.01071288694773851,-0.003908269180490446,0.0008437167336393606,-0.004087807259186513,-0.0412068082763307
2023-10-18,-0.0051357968394575805,0.005700468702384952,-0.0033563377710480193,-0.0012353946603067968,-0.044409477948320265
2023-10-17,0.003703852639892549,0.006420157808762354,0.004241618304177009,0.004878469553392149,-0.052632170534090174
2023-10-16,-0.009864155256325167,-0.005260696566361894,0.0047602943025221115,0.011528663155021272,-0.038704229002165684
2023-10-13,0.001451144426739658,0.005117158518744962,0.00656941147685996,0.002575597874328251,-0.039741486648870276
2023-10-12,9.454774553509671e-05,0.0018499704647662652,0.01181080908089355,0.0032881215245890213,-0.04073560612037579
2023-10-11,-0.3998473799906081,-0.26423118378508825,0.41649094352144583,-0.009069837966934275,-0.042609471196321504
2023-10-10,0.020149306440274663,-0.024161644233138973,-0.00017386768642263777,-0.013271203013071387,-0.04769289500279566
2023-10-09,0.012997866670104054,-0.009281924600153129,0.020629807194411195,0.009889746572227125,-0.04301607924544881
2023-10-06,0.004288111975333599,-0.0036854046006562224,-0.009538899206185933,-0.0072458043427464855,-0.038051080653092866
2023-10-05,-0.003489558000074784,0.0010197712063049996,0.004388007937915647,-0.003953482278251557,-0.046781446044651225
2023-10-04,0.02320825264522161,0.007929433598782235,-0.019940433141090137,0.0002483012098520015,-0.0916846058009066
2023-10-03,-0.0027080132262806127,6.372128040144174e-06,0.0007304226820905801,-0.0072645883409832865,-0.03862264151426913
2023-10-02,7.956566664150651e-05,-0.0029375342467690747,0.0024103720378146577,-0.0006592822831740178,-0.03736417214996005
2023-09-27,-0.0045674614787478696,0.002941931681513664,-0.0020127508266387017,0.004476976220278291,-0.037604319143011045
2023-09-26,0.015325012316540671,0.0022637499844579047,0.0048673426578810285,-0.005679270177928449,-0.04502675052593431
2023-09-25,-0.004493666938671134,0.006215056114139111,-0.005466312663228443,0.013132131348290504,-0.047217675922648035
2023-09-22,0.0014364836664142054,0.00721066188234537,0.011298204784130404,0.003825992945378712,-0.047189493781789556
2023-09-21,0.0001904376925579241,-0.0007368457316854152,0.007644051879074359,0.001851062987876597,-0.04468162687243455
2023-09-20,-0.005872763800637343,-0.0011427082238273348,0.011749553957283915,0.000934870783310544,-0.04331838473168695
2023-09-19,0.002236934190817461,-0.001330629247439523,0.007049105639300073,0.0016740556108416733,-0.041363802207220655
2023-09-18,0.0031208363420051574,0.002765662844192554,0.00972509300598053,0.0018610655409887385,-0.043061397761291455
2023-09-15,-0.002659822056920481,-0.0020321517124498962,0.0018580148360586566,0.015576069566022442,-0.04684586207333437
2023-09-14,0.0010352573406277735,-0.0038766890816553153,0.00529886222329955,0.0010600917613499444,-0.043081702276257364
2023-09-13,-0.004844821911449871,0.006236569568069482,-0.015326057172150557,-0.004909082136829961,-0.04716061755887417
2023-09-12,0.0007113084014739859,0.0013561394945914812,0.0023639485618279937,-0.0025569055404050705,-0.04341088284467463
2023-09-11,0.0015039462188019387,-0.0013741336535433443,-0.010470528073445194,-0.002031783606874758,-0.04455125528901223
2023-09-08,-0.009143811635110459,-0.001454449099575766,0.013269204167160561,0.008523477435584279,-0.04482837051821371
2023-09-07,-0.005165898407982038,0.006953961229379559,0.0012314076702997327,-0.004938516109975094,-0.0402638500990909
2023-09-06,-0.0047939111429170225,0.005650557999255094,0.000815060708187133,0.0054936516763387615,-0.0442108701017083
2023-09-05,-0.00844559032571538,0.005354014019462207,0.0029617982470834725,0.00516350178231763,-0.034466478494473686
2023-09-04,0.00018293014324780445,-0.0055060262343616375,0.009727160965971402,0.0064774572790113946,-0.04196688687779941
2023-09-01,-0.0008445495808538506,0.00254444039765761,0.0024251233416489313,0.00896944129261585,-0.042299290489344735
2023-08-31,-0.010009880571635208,0.004051566024903036,0.0037656013235045052,0.005014874917383998,-0.03793246628761962
2023-08-30,-0.0027839337484469695,-0.00810798179319043,-0.007488915251150997,-0.0040906868002920415,-0.04802178885631483
2023-08-29,-0.0007440785753484516,-0.0020330497211417864,0.00324140496509252,-0.0005240203587418359,-0.04391772018618879
2023-08-28,-0.0035157777115453802,0.0008821495051389281,0.001979099485530909,-0.000679111286458256,-0.046656635207058275
2023-08-25,-0.012166810775308057,0.00660894440595093,0.00028744845405943246,0.00042428924696723573,-0.04063312701848014
2023-08-24,0.0010346393412261805,-0.0024371889487683125,0.002214518060676909,0.0017692692928138257,-0.04541817099477323
2023-08-23,-0.003793827296305054,0.0011719955724530965,-0.0014413098526426117,-0.0047117782173128975,-0.04468592550774812
2023-08-22,-0.002960875081638541,0.002268972005577376,-0.0013309050321772542,-0.00141619542457688,-0.04122087917725241
2023-08-18,0.0038118745649420352,-0.0001417001561662742,-0.004718437373726659,0.0006625412709592318,-0.03683004464259663
2023-08-17,-0.003736192328624874,-0.006296065256200946,-0.0003353105890036381,0.0012082130484514335,-0.04220117478984629
2023-08-16,-0.002916783745850208,0.008522069205533276,0.0018515823979945074,0.0011568350501685403,-0.04167382383824656
2023-08-15,0.00018076877632389665,-0.0026047180813291086,0.003273239780735666,-0.002137242082481899,-0.0427273164124957
2023-08-11,-7.785839413060661e-06,0.006347240384026991,0.002125970455514648,0.0015994199719415842,-0.04400270179387848
2023-08-10,-0.00426393095674489,-0.0047919397262969066,-0.005041066589924023,0.00037737482726088857,-0.0403528531476756
2023-08-09,0.0007916845344046102,0.00121139797961459,-0.006765959896228725,0.0011394118990570433,-0.04546227183698094
2023-08-08,-0.010391537331278388,0.00483173146702311,0.007153812021675966,-0.002162842780168391,-0.04026471658047013
2023-08-07,-0.004998227222368209,0.0024462508286341167,-0.0003484515023946189,0.00030592610980176163,-0.04280531769951244
2023-08-04,0.002472766788873145,0.003524936569363312,-3.953531364917634e-05,-0.00533034782913202,-0.04171633145432434
2023-08-03,0.0025247453926885697,-0.0018905660556261296,-0.00012319629789810061,0.0008015026299290892,-0.04061100577169978
2023-08-02,0.012019623184727535,-0.0038597910964401436,-0.003589904932991991,-0.0022886868149672524,-0.03848381123768023
2023-08-01,0.013114477614703374,-0.00034685256737913665,-0.006192807695772879,0.002482854444042615,-0.04953538799927874
2023-07-31,0.006590056368151966,-0.0014340740174425487,-0.005858857823074472,0.0008272051630398543,-0.047524887735044416
2023-07-28,-0.00018876683332571653,0.010090726400832771,-0.0017062893983488627,0.0009131783147460588,-0.045732308142960025
2023-07-27,0.0017087178986635765,0.000569373246501551,0.004675348074465865,-0.00263521689032367,-0.04954687646728049
2023-07-26,0.008324007981664956,-0.005222758621445739,-0.0021350130224284296,-0.00622044371194299,-0.05744775812748912
2023-07-25,0.00957766818129368,-0.002874790495516773,-0.0005620853079642685,-0.006005635655715044,-0.049122511331779785
2023-07-24,0.0038830889960193974,-0.009505643134742142,-0.00508604549621095,-0.002264054330254244,-0.04568757219621937
2023-07-21,0.004441655490041922,0.003558887161229906,0.0060179196061555616,0.0029478295387201287,-0.040936109832686515
2023-07-20,0.001510543511030576,-0.004114263791132134,-0.005394661353347938,-0.004028684480512687,-0.04913467412878976
2023-07-18,0.006710890109245788,5.849579312267256e-05,-0.0008638380383856866,-0.010922789303649918,-0.04853629545905139
2023-07-17,0.0031471722975413867,0.0102621520917703,-0.0038331134442486795,-0.002384806617969386,-0.05684202072818659
2023-07-14,-0.0032522721261312153,0.0013818162586509148,0.008967301740180195,0.0008104164572448626,-0.04329083979092167
2023-07-13,0.0006017187260995837,-0.000583837298149205,-0.002347509248980518,0.0028803479758598297,-0.04921925020820632
2023-07-12,-0.00800986744319849,-0.006163849774331856,-0.0072176511348252355,-0.0004965371266182671,-0.03959423141991551
2023-07-11,-0.012502573693626154,0.005853790010565164,0.0003224948886901566,0.0077597276177803105,-0.04472359196782355
2023-07-10,0.005474368008326064,-0.0009807731193866894,-0.0037790666659640753,-0.01133908641332396,-0.042971147059452576
2023-07-07,0.003748307661357618,0.0014888770813366251,0.007965683247954573,0.0034141563217518567,-0.041618819009573295
2023-07-06,0.0067288587042485465,0.006300967309233251,0.012467188991457214,-0.004666790881628421,-0.04020427418907242
2023-07-05,0.002617497125314852,0.0031582196702710456,0.00027120119438095447,-0.0036010186210477177,-0.039342023960069146
2023-07-04,0.001966886253670865,-0.0038589589104609436,-0.0004880729415724769,0.0036630208869876777,-0.0506813425350094
2023-07-03,0.003088126421556544,-0.0014459097884909696,0.015287117165632004,0.0027060464303341985,-0.04910892128533813
2023-06-28,-0.00020054284223975987,0.0018748072422353512,-0.0024598556574577024,-0.0021872901370818543,-0.04136457748446148
2023-06-27,-0.008667174106745059,-0.004743842148743852,-0.0027095413796854664,0.0032562405633915765,-0.04769600642887056
2023-06-26,-0.00772062732511933,0.009283513361563536,0.0074664556076011225,0.00747294543124265,-0.047972058136321404
2023-06-23,0.01514081508705506,-0.011488057572586925,0.0006592653126725216,-0.005939843773852255,-0.042166644588378564
2023-06-22,-0.0005404588650719862,0.004803589202386442,0.012299153172683099,0.005616698791804523,-0.05049670483150966
2023-06-21,0.002384949364604729,0.003872108003631797,0.0024868810267109917,-0.010175552822533514,-0.04370733988115417
2023-06-20,0.006440827972367497,-0.023677027170391447,-0.0038207684255011382,-0.003200951266743801,-0.028894130075606178
2023-06-19,0.026941468135875793,0.00039329352333848655,0.014566083797532537,-0.00349248226111429,-0.07352342459043068
2023-06-16,-0.005866292367883008,0.0028916501838657906,0.0019716900792139712,-0.0004304554922445196,-0.04361743364978741
2023-06-15,0.002506024395072215,0.0025065248323173674,3.354850205395895e-05,0.009468880090361065,-0.053754922610248036
2023-06-14,0.0038302584040008714,0.0023579271934262395,0.0035494311688433833,-0.0020288757084282088,-0.06449878051524294
2023-06-13,0.008068527719309162,-0.005051148632245003,-0.0050209280811810315,0.0007812887584476499,-0.0602633986167716
2023-06-12,-0.00043707178085157505,-0.0017178418738256446,-0.007868143171493841,-0.0027112299393193605,-0.04924740402494171
2023-06-09,-0.0004205000947868976,0.00020734213793837395,-0.00511687712666643,-0.0011213135258808411,-0.04612545248340514
2023-06-08,-0.00847657674096339,0.0037238741478546724,-0.0024820431644745978,0.0005445741652350862,-0.05272810631720013
2023-06-07,-0.0026911273355772914,0.002341329716327108,0.008919843222187435,0.0034502006495233514,-0.0458832778190153
2023-06-06,-0.00030475814190459986,0.0033839682012877783,0.00010782832357622695,-0.0059526885124110895,-0.04856754087849433
2023-06-05,-0.0037460473683053703,-0.0027830930124017115,0.0017232036621646022,0.0019080039810354427,-0.04473029492609613
2023-06-02,-0.003572406601801646,-0.005724096567527679,0.007481150186111396,0.006686003044936025,-0.03890407959739656
2023-06-01,0.005515808030034432,0.0035683725523256906,0.0065633089820289,-0.004428893371225878,-0.059925211194622664
2023-05-31,0.0052012980258679285,-0.00319827446478205,-0.008124944986145863,-0.003020339518410414,-0.04535917410639362
2023-05-30,-0.004943520085731705,0.0019971488153517503,0.015254538445175596,0.0017607991538998646,-0.049613114334038234
2023-05-29,0.0027010942660029126,-0.0041738685276246,0.012608539127084447,-0.004883145131758898,-0.050524979976716386
2023-05-26,0.014417305094173919,-0.005535504642070497,-0.005875435972642147,-0.009000728288011477,-0.05364926936952681
2023-05-25,0.003926991612427216,-0.0016474910083324177,0.0035146716455522605,0.0003393460175227499,-0.05993645041125835
2023-05-24,0.0016164612555073037,-0.00039219262945920305,-0.005462549897025886,-0.00390353544324589,-0.03878061120165506
2023-05-23,-0.002999504110657577,-0.003392069584903463,0.002307670400248807,0.00021824565501501623,-0.060541716812674465
2023-05-22,0.0018710606234497167,-0.0023671722796236947,-0.0020035385809446765,-0.005268574710364465,-0.04933052958966419
2023-05-19,0.001040927700833331,0.00041055349895634014,-0.0002979019932210212,-0.006490852162061361,-0.04844889381014373
2023-05-18,-0.005769159482042005,-0.0029290357608694985,0.003110213349747164,-0.0010957118757626125,-0.05055745504422722
2023-05-17,0.009642546795570944,-0.004382998114889489,0.004291553323109207,-0.00033700966049799927,-0.045931837404117555
2023-05-16,0.020159994982714466,-0.01229857606232042,0.010003555527495808,-0.010751584429160528,-0.04640701817428216
2023-05-15,0.01230300047979821,-0.00604687972583379,-0.004414433011045478,-0.009215793775765594,-0.05452475169144139
2023-05-12,-0.010799298170687175,0.007361128542165154,0.011930108922413793,0.004357020396637429,-0.05000957773058957
2023-05-11,0.0025512999005942658,0.006568026720338587,-0.006239085917891933,0.003475576125531145,-0.06347856040252792
2023-05-10,0.014111474095810244,-0.006483544291671703,-0.0006533398556547235,-0.004785149424186598,-0.05801980088798803
2023-05-09,-0.0033532977376381414,0.007931369629681734,-0.004258168928346396,0.00487332963236654,-0.056054815803292087
2023-05-08,0.0027628549864241233,0.0012324735184074433,0.014934642248224817,0.0014313443373255971,-0.04794822054648574
2023-05-05,-0.0036418640469260246,0.0031709301896271176,0.0019828167528053746,0.005812056259767947,-0.051946608404977675
2023-05-04,-0.003279459387617397,3.69556787850982e-05,0.001993691990815354,0.004483054140166766,-0.047351456128647336
2023-05-03,0.007908063232671366,-0.007768535214292084,-0.0005707795678047557,-0.004703933228181422,-0.04838356932734558
2023-05-02,-0.006145502358738874,0.008509845456215515,0.01331657640001521,0.010019117610403248,-0.04662871410778549
2023-04-28,-0.002810781114523144,0.010447347386008317,0.004629762443073867,-0.0006781313103079271,-0.039585926829491164
2023-04-27,-0.011150678192881238,2.0112811595656213e-05,0.0028309885043328216,0.0036518917639401225,-0.05386838574074351
2023-04-26,0.0014864417848182388,0.0031264005224952525,0.0029828059373776267,0.0006218671149036139,-0.05058427258757605
2023-04-25,0.0024011063071445946,-0.003097696006595095,0.006995807149208032,5.2542926015504334e-05,-0.04434232697899918
2023-04-21,-0.0005434462688714828,0.0033650943861781918,0.0026827184931940717,0.0017876424979168313,-0.04910507817811028
2023-04-20,0.0013495484941862008,-0.0002650606471459154,0.002955775302834513,-0.0004130678602760193,-0.049861887958243985
2023-04-19,0.003593261320691441,0.0025664161639819883,-0.008611283685916508,-0.0018643075060423417,-0.0501419067186939
2023-04-18,-0.00743061557418013,-0.003451427644167577,0.0047684887971696545,0.006262408843796417,-0.04762149951505524
2023-04-17,0.008060548798984723,0.0017655265737212761,0.005733505042603678,0.0017356464507313155,-0.04869745085434325
2023-04-14,-0.005642578434719702,-0.005569851454564194,-0.004882096918174988,0.0012340332097120646,-0.04927418326820999
2023-04-13,-0.0034186967580436688,0.001581984258839994,0.006189095950317041,-0.004313537399649247,-0.04938876047977954
2023-04-12,-0.0016234114976221292,0.008044020028207902,0.0028079594374523942,-0.0022175819250612526,-0.04560782967105666
2023-04-11,-0.0029806545541890203,-0.0014686026462208278,-0.002427862179224109,0.0036598150270650753,-0.0487096248552279
2023-04-10,0.007703807515724367,-0.00023574530884645957,-0.0007396882499863286,0.0003145631929654326,-0.04904245157377108
2023-04-07,0.0055543648735892175,-0.004116091746577094,0.006046758522714694,-0.00713637917242347,-0.05118020930502094
2023-04-06,0.0019921140544077363,0.00666486810517899,-0.004092569170126544,0.0025586501819093244,-0.04966522236356597
2023-04-05,-0.00495018856593323,-0.00532609357458505,0.003514953188470689,-0.002486055107460065,-0.04486204763595548
2023-04-04,-0.0009984898943430232,0.006272941920014504,-0.008324342440784678,-0.002249471613770997,-0.04908090206917555
2023-04-03,0.0006645086836330962,0.007913377159911451,0.0013977825269708647,-0.001785832084556696,-0.04810684835199142
2023-03-31,0.002240084594088866,-0.005491222697059435,0.0023565958701377374,-0.0004497065116578613,-0.05561536618578523
2023-03-30,-0.009091471386842622,-0.006531837463047343,-0.002937211095952706,0.002502223926904172,-0.04001688258946108
2023-03-29,-0.012291950663422698,-0.00654544671946118,0.009988713992755117,0.003769437821995892,-0.04282505644924484
2023-03-28,0.0006472624083021417,0.009558101605881435,-0.004696903891813479,-0.007075010762346236,-0.049039276641882575
2023-03-27,0.007816007632225536,-0.004993879776329603,-0.007170035941113957,-0.00667867258296273,-0.0504347611629461
2023-03-24,0.0008296605075383628,0.00028565497562452625,0.008692727531022692,0.00959466096807729,-0.05622802840539629
2023-03-23,-0.0033655706458614017,0.000471550374291487,0.0011272039957279972,-0.0027943179871748984,-0.04152302168667868
2023-03-22,0.004586006431204151,0.0012013760335635192,0.004287022693518836,0.004544463081395825,-0.049729986087502565
2023-03-21,-0.006159980498449732,-0.0007046669823390491,-0.006716602530700061,0.001938265547676679,-0.06096099957925411
2023-03-20,-0.001528713132612056,0.009563108396438398,0.0064869144032047975,0.005194562037573286,-0.0324810053500159
2023-03-17,0.00715006358371466,0.004504305749986521,-0.0014998294714102679,0.0021949653658250115,-0.04806441078573025
2023-03-16,-0.007596244346690964,-0.006037147796463773,-0.0037357489764828933,0.008992740071118404,-0.035642148966279194
2023-03-15,-0.00011812239182493363,-0.001219875032201085,-0.008939824599496715,-0.006240601389645275,-0.04664598706242799
2023-03-14,-0.0027594360207211133,-0.0001032021695473944,-0.0017818190677620703,0.0038544492805422698,-0.038491102045055285
2023-03-13,-0.01006852375366853,0.0009577298307327439,-0.004882453860446331,0.002093628030238697,-0.04374839846821848
2023-03-10,-0.0025319169498561173,-0.0011606785274407253,0.0034935549769821795,-0.0005831502892816019,-0.045247533208583886
2023-03-09,-0.0049386054385369416,-0.004416993855121214,-0.006362954407281523,0.0030714415591128756,-0.04442273220234306
2023-03-08,-0.009477719711181474,0.00863042032687854,-0.0007510273004841528,-0.0052059877272359265,-0.04107628702710021
2023-03-07,0.0007163917970907986,0.00026594188035199026,-0.009080349362690743,-0.0029338146788815515,-0.043380031795902045
2023-03-06,-0.007017010586170782,0.0036795684540917566,-0.006169786440821059,0.0003400546675473373,-0.0405961541551964
2023-03-03,-0.009869855985990038,0.00018577193129580994,0.0035175486810856325,0.00271697010883274,-0.037919298829095734
2023-03-02,-0.004369063351891357,-0.0039251632563661034,-0.0020385108671780155,-0.008294426665169219,-0.03927906624636291
2023-03-01,0.017238802337177523,-0.01567262111553827,-0.005673564440658416,-0.0037718139373233506,-0.037446829653363
2023-02-28,0.0011817554002156066,-0.01077758609413804,0.006768053325124292,0.0022564889426799086,-0.03841528412874374
2023-02-27,0.008567186109143931,0.0017742493971774794,0.006336864285210203,-0.008746174597028184,-0.05107238215688086
2023-02-24,0.0013259792104507177,-0.004633816163570551,-0.0060457743643958315,0.0071157403412270784,-0.043514739894636216
2023-02-23,-0.0045595499477385434,0.008734404478578164,0.005178944901283106,0.010707378323119727,-0.06451993463992028
2023-02-22,0.00672743026558312,-0.00261931249331114,-0.0029141655887900486,-0.007914608752082861,-0.05136146006553353
2023-02-21,0.009851078732238299,-0.0010567890032753434,0.007603371907778114,-0.0029415756565005294,-0.04999499051795941
2023-02-20,-0.0016032781120162768,0.0040789019760426315,-0.0015994133649318881,0.005160601976431131,-0.03242708580011865
2023-02-17,-0.006161420493920041,-0.006336020548229811,0.006352559144855214,0.002097730290689804,-0.04497041676721532
2023-02-16,0.002909611671975813,0.0127418606214766,-0.00286008385905322,-0.0018294732010146909,-0.054750310166033336
2023-02-15,-0.0016146829869253133,0.0014415522355747611,-0.0027693563712556115,0.014944828125337078,-0.0452507632287531
2023-02-14,0.008093990841339918,0.003946636008510198,0.0024911221338096002,0.0014251868660556809,-0.04610414325058945
2023-02-13,0.010422402474934981,-0.018080063906887125,0.010519191657759757,-0.002802094222015536,-0.029513730778734454
2023-02-10,0.0014604637575324365,-0.009753666437750259,-0.00301936922071608,-0.002124600146322753,-0.03695942985746439
2023-02-09,0.008180288822620198,-0.002634162483902084,-0.0003293113427517094,-0.0008609416112700015,-0.04384729095262903
2023-02-08,0.006073903776042042,0.0021901115038601166,0.0056666801190668505,-0.00012820300761695624,-0.04972369890719644
2023-02-07,0.017872480877635877,-0.012392962965887332,-0.0028829966985364696,-0.009872534271802324,-0.060243621663861574
2023-02-06,0.0029369162744633482,0.004009817759220882,0.005409029065408004,-0.001837265580753377,-0.05618081669906552
2023-02-03,0.010713697248943313,0.0038669122529092883,0.006487024766179863,-0.0025961363590387065,-0.04202247550681251
2023-02-02,0.007303049483990142,-0.009240770150536365,-0.012054994903880907,0.009558418173756668,-0.042171446903866455
2023-02-01,0.0026997719728796606,0.00416270338077812,-0.0005211934288512736,0.005311155926119108,-0.0557161687276496
2023-01-31,-0.013995845476117177,0.012804225144580048,-0.0005445137162590017,0.003336576555581083,-0.03677967746863256
2023-01-30,-0.0010305204477976874,0.009359660585075695,0.004562108874359049,0.01202828054389143,-0.05813580869937576
2023-01-27,0.0010117689919366371,-0.004355592402851723,0.009054704444578591,0.006168714229186327,-0.04790115454622704
2023-01-26,0.007877471657563858,-0.0037129086895835036,0.0011588476738548844,-0.0072752807694943045,-0.039296965676675136
2023-01-25,-0.013026857134866801,0.0026309959120015603,-0.008478845727626038,-0.005392724675738052,-0.02504376055784832
2023-01-24,-0.011225290770183333,0.0045811911986518945,-0.0027294238301738957,0.013368365714352156,-0.04837157997045319
2023-01-23,0.004846420542105655,-0.0003168754587421223,-0.0026355292064762026,0.005146273379806247,-0.037316437958729326
2023-01-20,0.007952992581698659,0.008000415060277304,0.0005706636408152663,-0.011435631616649036,-0.050632236449726836
2023-01-19,-0.01827207387119938,-0.006276983775759901,-0.0023478844159409732,0.006745962634547515,-0.03852503237101526
2023-01-18,0.01198326923657872,-0.009613675621603463,0.0008975501072920728,-0.006630664666752825,-0.03159327843219837
2023-01-17,0.00434807109588433,-0.0033519616066606337,0.0076217614361323675,0.001608684504121988,-0.039050817811618815
2023-01-16,0.0214375835229172,-0.01773601383740022,0.011398129560634341,-0.009255896381730527,-0.04619560823032001
2023-01-13,0.02106748543184843,-0.0016846210316102325,-0.000761290449846355,0.009421992356395615,-0.04858679390680479
2023-01-12,-0.000496231371127206,0.00841554506393238,-0.008820387073711192,0.00612162888450644,-0.05868580732269087
2023-01-10,-0.025853712604650636,0.04033891631850312,-0.0021095414326259884,0.018618978385071972,-0.060714672748401616
2023-01-09,-0.0203924950252045,0.023416116830219564,-0.02261827875928388,-0.0008288328003682255,-0.06064282182690986
2023-01-06,-0.017349261192723942,0.005177829195678276,0.0024418743400504497,0.0021011747205006218,-0.043427456415862424
2023-01-05,-0.012279094806404912,0.0022760289333758395,-0.0038927967864975594,-0.00882100810448154,-0.001190906329395218
2023-01-04,-0.030593291830109094,-0.009473986458926298,-0.0036890841088657207,0.0002715127696609858,-0.0032834395388464943
2023-01-03,-0.03127115820643652,0.014609888103000856,-0.009144149879761785,0.006142664371763298,-0.0156904065289859
2023-01-02,-0.024453519985544965,-0.010207632222290486,0.006060059237872155,0.012212280966015326,-0.02656475319754925
2022-12-30,0.008346536677382357,-0.0032077268543384842,-0.011881824742227733,-0.019620066255452852,-0.03282256842286113
2022-12-29,-0.00964889736647161,0.0025429822630285513,-0.015194302918757313,0.005220828340414707,-0.0219540111004873
2022-12-28,-0.006669860010565654,-0.017033571108168256,-0.009222859562358403,-0.0070279293224673805,-0.030896764311424768
2022-12-27,0.007126671131365904,0.001193762159694503,-0.00203605595418933,-0.004041260413900417,-0.04059212988269226
2022-12-26,0.00022835115720846696,0.0029470951171449784,-0.009600625402826734,-0.002098068586346439,-0.030158060625520358
2022-12-23,0.007814935149050546,-0.0026065949054023684,0.0036836298217570356,-0.006961860837628293,-0.045204040969629114
2022-12-22,-0.007083437136792093,0.003064390542928374,-0.008786377105224997,-0.0031826742211300066,-0.0324660732884408
2022-12-21,-0.009144015146195351,0.01060881450073454,-0.007783847368601509,0.0011510730332347746,-0.0352782509545917
2022-12-20,0.0023085466018647376,0.013601061606103578,-0.012259657630917319,-0.002295113995572518,-0.03839293006240741
2022-12-19,-0.013749262183655044,0.0012599222901205995,-0.002406914893021684,0.005131845983319403,-0.017745742555362425
2022-12-16,0.007149023854793413,-0.008515715084080687,0.006782047089092046,-0.008462162438819585,-0.03439260059502084
2022-12-15,-0.004060888350682728,0.0015957155435127961,-0.011791653376891576,0.0013619704106268052,-0.016805762323478447
2022-12-14,-0.00015262903146591933,-0.000765201459615405,0.0059433997864599105,0.00411169955333461,-0.029125715729747682
2022-12-13,-0.001328984917335468,-0.00563362681666493,2.927644990150923e-05,-0.0003325496332236156,-0.028990901235466188
2022-12-12,0.004038178132119003,-8.57657024133696e-05,-0.0007851255716415707,-0.0071305850699100864,-0.03576192377872315
2022-12-09,0.0006754752678811279,-0.0007229575272897858,0.00041929493042221146,0.003803204759853588,-0.035497602554742026
2022-12-08,0.01857508911844817,-0.01789698094894092,-0.0019732475182312474,-0.011123035087224148,-0.03133130376695092
2022-12-07,0.001982397227979683,-0.0045403973526366714,0.0019638709301976597,-0.00034523167963922195,-0.031649978680269676
2022-12-06,0.009620411941494229,-0.006778438624749488,-0.0011124037146905737,-0.012069550435400353,-0.03675138623068711
2022-12-05,0.004343349055716752,-0.005701084535981929,0.0013915868871974956,0.0015475818157859597,-0.037819053978368745
2022-12-02,0.010956821477864583,0.0030772537325859765,-0.0007395829399669458,0.0007050528478150222,-0.04782885491314307
2022-12-01,-0.0026854942228279203,0.0007308459366768546,0.0018773684435720661,0.004387430230378377,-0.03353134192951671
2022-11-30,-0.0001408905566717177,0.005693656635844578,0.003161181381390078,0.0015757940116304212,-0.043085099154613705
2022-11-29,0.005732717652098322,-0.0071315920362857044,-0.003076274798331063,-0.002573590526634378,-0.03228245131707622
2022-11-28,-0.002307699619283946,-0.0010532426388183914,0.006266742348417985,-0.0022793636357342903,-0.03742828575563043
2022-11-25,0.004515647265049768,-0.008073903235866745,0.00363148892213014,-0.009500303095994799,-0.03620430115628374
2022-11-24,0.0004789538814092319,-0.003792034176718654,5.7003565884439754e-05,0.004176957119204765,-0.03569045029039534
2022-11-23,1.531065538630549e-05,-0.008062350503959207,0.00908610236596506,-0.002493728050020461,-0.02871736181943866
2022-11-22,0.0011781545944681696,-0.005154927259727191,0.00949250185653279,0.0025751359209187754,-0.03681136610843564
2022-11-21,0.004179699983440491,-0.004253920319560597,0.0009663894115052017,-0.004708151626180681,-0.0354690322893955
2022-11-17,0.009712571876424244,-0.011028325721765733,0.0018758105132382736,-0.004880771549706971,-0.029464364027014613
2022-11-16,0.01076238077778062,-0.004445256814998715,0.006484077411427335,0.0027607601171055138,-0.05153835143399152
2022-11-15,-0.014988199607233074,0.013413338396772084,-0.006490244541660842,0.008419597084386905,-0.03677015058462877
2022-11-14,-0.012101463698109211,0.008317793653913193,-0.014756919962152119,0.005552347696834147,-0.043807380390733765
2022-11-11,-0.007342694150727455,0.0066985390617538935,-0.0002913702462813044,-0.00796575747034118,-0.04362236346647352
2022-11-10,0.0033655423185763515,-0.00034595659041695135,0.007063855059909321,-0.0012278232132498113,-0.026641541678778115
2022-11-09,-0.012398943503080824,-0.0076251454883048625,-0.007989572569399963,0.00355172098470824,-0.010424049098887757
2022-11-08,-0.010133306504133431,-5.685676511976191e-05,-0.0032247302081755812,-0.0036005513157167735,-0.0301522074347537
2022-11-07,-0.008530789342527482,0.004534560593571201,0.009928586483626538,-0.0007593104017450648,-0.025338225456444187
2022-11-04,0.006387189891256811,-0.00508592465467353,0.0058430277833241544,0.003766535810996098,-0.03352524736770761
2022-11-03,-0.006738304375960808,0.0062911842622385165,0.003075623358572773,0.0046179836376969395,-0.02445887778282578
2022-11-02,-0.00497839615798114,-0.006378885370445708,-0.0019223017687625766,-0.008415378835004086,-0.026331794445117726
2022-11-01,0.0021155321473432416,-0.002467251020424673,-0.0007869405525068054,-0.0012220245094261522,-0.026297230474184127
2022-10-31,0.000928503156515297,-0.0009943438377605666,0.0029674713426128554,0.0073359569780582475,-0.03921736786542977
2022-10-28,-0.005198467717276031,0.005938849353236139,-0.0040545128138396065,-0.0011286449703607941,-0.029398196566807568
2022-10-27,0.0009592545082719086,8.4871773350428e-05,0.006576141649076869,0.009186865481559132,-0.0325641602100523
2022-10-26,-0.012031855509985912,0.01362405614870036,0.0021753214041750906,-0.001566421691513171,-0.04150089963483453
2022-10-25,-0.010552339182773072,0.01608587836555876,-0.006651113646871966,-0.007165025714745162,-0.016841870264754845
2022-10-24,0.0028160869456516544,0.015522807782713022,-0.01396121094320537,-0.004080809885836075,-0.03753027205687453
2022-10-21,0.00014038620897688397,-0.001147721367922589,0.002577177680707236,-0.0029544682453045085,-0.021746950048185755
2022-10-20,-0.016044187735405523,0.0005991369420161683,0.00010076574711925801,0.0012481845235003657,-0.02178508002176275
2022-10-19,-0.019059307755071545,-0.0008422819019189426,-0.004399630654625716,0.004872780852297846,-0.010895010794022587
2022-10-18,-0.013803141989975369,0.009390687344531953,-0.012256376584461638,0.0036903136444334968,-0.03183446927808956
2022-10-17,-0.014398287166440739,0.00021232351099048988,-0.0041609034348863505,0.005327215694849066,-0.02982677605487153
2022-10-14,-0.008620243347016863,0.0034500656456826376,-0.003201891569768308,-0.0022524460071468057,-0.0257392512660973
2022-10-13,-0.00018174319209820827,-0.004933010644866943,0.0040204381693849,-0.002054562225858373,-0.023005897306372404
2022-10-12,0.006229991842693952,-0.007984222223644089,0.0038258991462826078,-0.012843862437965599,-0.023917128879766526
2022-10-11,-0.0055307463476849525,-0.005878144707493841,0.007544904072047173,0.0012268704674564552,-0.02263093135573461
2022-10-07,0.0029567098543548625,-0.0018155051319164671,0.0017128363016350586,-0.0011160207744693564,-0.03788217523561203
2022-10-06,-0.010062397483134502,0.0022031409775465616,-0.0034159549500763784,0.0023869036067648438,-0.03177459013820708
2022-10-05,-0.004888401230785643,0.008698406945936514,-0.0040379417142988264,-0.0014357228837601145,-0.03795068683984335
2022-10-04,-0.0020285827699013776,0.004329770070784493,-0.009266260395776096,-0.000834190226681314,-0.03534669026009938
2022-10-03,-0.008294970112270941,0.016147375753844645,0.0012935234729847997,-0.0011725844425668744,-0.03422113746323561
2022-09-30,-0.01544593898900572,0.015062821815082533,-0.0059518347728173705,0.00015675850424286568,-0.02583221870269118
2022-09-29,-0.02422991748197962,0.002362395456900925,-0.0012915130991608893,0.012034375493248014,-0.02204138654503406
2022-09-28,-0.0010697035084179848,-0.017218438555676393,-0.009201924561044114,-0.004914191175893042,-0.015455482602350995
2022-09-27,-0.011838326817018296,-0.008186532543210636,0.0013864729340039416,-0.0035888287983759986,-0.006767917720157678
2022-09-26,-0.01159206492833936,0.0008798478637048503,0.00018869187608899513,-0.0026014876067264724,-0.014058701258913807
2022-09-23,0.002419573455852201,-0.006206966869534775,0.00854052004311524,0.00200472236774605,-0.020536471678164952
2022-09-22,-0.006330071409504073,0.0017371876886701342,0.01652839303026184,-0.005233956310239411,-0.026737866555728212
2022-09-21,0.006981327669138297,-0.0015986596146787878,-0.005830231284124658,-0.002485657072828827,-0.027459087075556225
2022-09-20,0.006213580249921185,-0.00015113046917139637,-0.00467171754755104,-0.000299085490516104,-0.0271356745277427
2022-09-19,-0.00042355587518046124,0.0008780866061516448,0.002315635488998692,0.0017177297720672542,-0.02870355388142814
2022-09-16,0.001735108207888826,-0.006960213047691554,-0.00432450195504758,0.0029971807251399064,-0.022791164602688704
2022-09-15,0.007390553139764302,-0.007091724568142133,-0.009018716691347219,-0.0022849165634633633,-0.029731849413215158
2022-09-14,-0.00931148956729471,0.01010961175307376,-0.009997536731201628,0.00046694761825759063,-0.0239984428939458
2022-09-13,0.007857927488588427,-0.0002477312792587695,-0.010135551679792652,-0.006012158181823742,-0.02451921360507013
2022-09-12,0.004160684174949174,-0.004827845793360593,0.011077697287221648,-0.0018504800835035203,-0.025882446588962424
2022-09-09,0.0019042506661719537,-0.0004012838971841242,-0.0009956618415337788,0.007098313954069619,-0.02503501277516039
2022-09-08,-0.00433818641164675,-0.001376428765329827,-0.003035333671591684,-0.008773185027298654,-0.02226478943172082
2022-09-07,0.004342001554834078,0.00557033602211428,-0.0030135177858565468,0.0038568224688076773,-0.024871393535799466
2022-09-06,4.623283260364293e-05,0.0028390421361065496,-0.002920207527382286,-0.0006566616477976651,-0.028374566613327143
2022-09-05,0.010840484265212075,0.0040451281494859916,0.0024355896058869727,-0.001436684001405732,-0.022098417136675694
2022-09-02,-0.0030758789080255096,-0.004119852665433597,0.00202105141916578,0.008396650470842988,-0.025024887749655597
2022-09-01,-0.003633731382720876,0.009074871933513876,0.004877116505481981,-0.007525087486802242,-0.025411465233609362
2022-08-31,-0.0037576586987990777,0.0022684176147224084,0.006843501556723938,0.009328728391961126,-0.024532187822880455
2022-08-30,0.009571917892606035,0.0011595301207907851,0.002565171935095021,-0.004650730612206279,-0.025599917814905435
2022-08-29,-0.0057195506451244455,-0.0025792412713838294,0.007436070005735572,0.007103165917367861,-0.02033090419333643
2022-08-26,0.0007801170341953389,0.0001850972647976014,0.002457631020642485,0.000578808255173955,-0.023901911694010475
2022-08-25,0.007131687423820223,-0.005459801133514493,-0.0028663717210973246,-0.00401023305532545,-0.022563788381217992
2022-08-24,-0.006682386261177918,0.003430310445282865,-0.005739319967897058,-0.000660488358982055,-0.025813450380728534
2022-08-23,0.005715260801895084,-0.0048357698779226705,-0.0026841563544121407,-0.0017681915885358482,-0.027155554209878106
2022-08-22,-0.005312479526525635,-0.0005029128247852862,-0.0031302096613329594,0.004317699602047672,-0.02624617586575647
2022-08-19,0.0014306862520700847,0.0011317151633045215,0.0025506858397956744,-0.004321961860471806,-0.020646543405975867
2022-08-18,0.0008403034030754473,-0.0017549937074428181,0.0016773899134927813,-3.629710250891555e-05,-0.025496218981169202
2022-08-17,0.008667585467817979,0.001334707109422498,0.0024310125099092175,-0.005010349802860082,-0.02454699980531962
2022-08-16,0.012988123573609647,-0.0002017597381217054,-0.0021337619666115986,-0.0035508551617927865,-0.02354487204382429
2022-08-15,-0.00010525916053412713,0.0025662926467219633,0.010919081706868658,0.004642402219876941,-0.0254578626225427
2022-08-12,0.006433670533898422,-0.00014986009758382072,-0.009514261334810233,0.00799744667168479,-0.025937696035151888
2022-08-11,0.0035756678567961586,0.006144770712986267,0.002332585590888109,-0.0002820487319547104,-0.03139730673572999
2022-08-10,0.009085721254111438,-0.0021349451424303723,0.0005615687147449819,-0.0026495611355039804,-0.03269481031766003
2022-08-09,0.008299792292546062,-0.00223138796429221,-0.0025305784785998376,-0.000307018944081687,-0.025128602455122634
2022-08-08,0.006097564881041746,-0.001560149396258129,-0.004515043424984158,-0.004905278126919566,-0.028136524507002353
2022-08-05,0.007273981346143865,0.006825431116624207,-0.0038262348181323366,0.0070864080151214655,-0.024848618832999554
2022-08-04,0.010489881990641447,0.0012731102687847154,-0.0015802172774890795,-0.014001688651961238,-0.03209044321348204
2022-08-03,0.0012894410803671549,-0.0013092304565737475,0.0061483854346844865,0.006721555802518858,-0.027414736314113237
2022-08-02,-0.0009690759305482645,-0.0020674453675092286,-0.0016086201894746181,0.002336994508575712,-0.025985919572187405
2022-08-01,0.009072161212919889,0.0027074066252226487,0.0005424540519061421,0.0072253076536431746,-0.022953405240704702
2022-07-29,-0.00797471531736471,0.004638951888572431,-0.004381189278751529,-0.0038608144513158434,-0.02827169343055858
2022-07-28,-0.0047790380303003935,-0.0003833810029957713,0.004505112818408575,-0.0005619198400099827,-0.02387841690034054
2022-07-27,-0.00040449826374962966,-0.00014554810933853878,0.005186871926232334,-0.00546603817020594,-0.030446609656205045
2022-07-26,0.003207853703575557,0.0042919979229895325,-0.00173036742497473,0.0038706025124472998,-0.022350128743336257
2022-07-25,-0.004708892340966017,-0.00013262499823031744,-0.0002788818233822785,-0.008541537131455114,-0.023196584665745985
2022-07-22,-0.003277608009236481,-0.012027781778069426,0.0036826150361083175,-0.0013587871667945124,-0.017180150613658123
2022-07-21,-0.0028562963262302966,-0.007614409415742497,0.005931431394945992,0.0024970476904172517,-0.02305238041125495
2022-07-20,0.00959451783822574,-0.0008819798231758055,-0.003352710284311563,-0.00014010657099681242,-0.025261197685011623
2022-07-19,-0.007882605897078362,0.00031360187649345263,0.0028924700835384507,-7.552800385950392e-05,-0.024233375306215065
2022-07-18,0.001713048109086349,-0.0007218975580853774,0.0038342212106595563,-0.0008919202581240941,-0.03208492820917688
2022-07-15,0.0020631854626964735,0.006521599129613004,0.008571600453906206,0.000569956364210092,-0.028717437459450747
2022-07-14,0.004506436043642783,-0.0019421522528268672,-0.007400421663681648,-0.00932091197235541,-0.033186436302658474
2022-07-13,0.010255707637609194,-0.003626109154119099,-0.005072026454812412,-0.0016784998866872015,-0.02087672780447281
2022-07-12,0.004041922701306435,-0.0038414158920795425,-0.0003109704031659297,0.010066050873994424,-0.029231218115970847
2022-07-08,-0.007001590724888172,-0.001999081791362472,-0.002385315717820492,-0.0036714013550884746,-0.027332785557265482
2022-07-07,-0.007756441725620963,0.012713374703631899,0.004907708204432484,0.003887541790420014,-0.023603480182079473
2022-07-06,-0.02230736714075103,0.015530975694171572,-0.012746842214865842,-0.0013619562365718874,-0.033553070231546675
2022-07-05,-0.003214554202221124,0.005261550421184197,-0.006920815527662751,-0.004310036918362751,-0.03305773167372498
2022-07-04,-0.013757399081415274,0.006559222619460981,0.012280584022316158,1.7029516363708738e-05,-0.011199736547866757
2022-07-01,-0.0015325774872722371,-0.009569224277559636,-0.0015978482911279835,0.0012827355870484117,-0.02220734259018171
2022-06-30,-0.00919513654251291,-0.00390928750300663,0.007580056169006572,0.0010598065247808004,-0.0022203821113704995
2022-06-29,0.004353266289063901,0.0008906819679876268,-0.009353585722705785,-0.003378659247581372,-0.020373170016820045
2022-06-28,-0.0065552579173496755,-0.0014611556754100517,-0.01034016723121773,0.003571286660049251,-0.027795954552993916
2022-06-27,-0.0054349203685791336,0.008229539667823287,0.0002408935499763733,-0.009879489479157096,-0.028571289798851405
2022-06-24,-0.007581757439703242,-0.0025306647558139585,-0.010526313361243555,0.00476118778024774,-0.02191713441358427
2022-06-23,-0.0036155997057144566,-0.008251553019275581,0.00812594562601831,0.0066299892662224046,-0.030594640775503154
2022-06-22,-0.009554564727701078,0.005758018586888869,0.0046321353769546636,0.011995635597538547,-0.01836594816928465
2022-06-21,-0.011323569198809957,0.004077573930122912,0.007815775662450022,0.0013229714713104516,-0.013523181819315715
2022-06-20,0.008251351983903548,-0.010120556332185433,0.008198117444997438,-0.006404027916623476,-0.02716165830137428
2022-06-17,-0.012557013152929654,0.009737385975882392,-0.005823068858107608,0.00788954237689817,-0.029034145515739806
2022-06-16,-0.020964757848219502,0.007271142295383769,-0.00188093386011042,-0.003271003458345691,-0.0104164208259644
2022-06-15,-0.013971306862365892,0.007470956589379499,-0.007892717751505922,0.003546728212091048,-0.01660033961217487
2022-06-14,0.0002529787017808789,-0.0010834604796760208,0.005475545387439942,0.0037056635848063952,-0.03240574340277262
2022-06-13,-0.0073402608256941315,-0.0040294979470653115,-0.0016266075787845754,-0.007375129071626052,-0.006308105304612361
2022-06-10,0.00038348505382825764,-0.014518012411415291,0.0002280043016642105,-0.0022324056536252267,-0.018828372633333475
2022-06-09,-0.010118516482833335,0.0009355403163369049,-0.0037598583091780274,-0.0017907644562962085,-0.02101221651667051
2022-06-08,0.009027351498436871,-0.008051312705988195,-0.004121539161600137,0.005082376949640586,-0.019975302949210502
2022-06-07,0.0006658400182751644,0.00013285760364340404,0.00964760866380784,0.0008975577643228552,-0.021204463776167172
2022-06-06,-0.0016632396940071369,-0.01149391911336773,0.001658185170688413,-0.005463764555185881,-0.028837038508689725
2022-06-03,0.004744974832979018,-0.006800117968564529,-0.009253484114832759,0.00957378184238886,-0.02913315400923004
2022-06-02,0.011609600998199833,0.010608736022487329,0.0037183422605198135,-0.01863997666793702,-0.030721368243497783
2022-06-01,0.008293985060963446,0.0010653332081488492,-0.0012864955965681427,-0.0057566075604820535,-0.036123465520858745
2022-05-31,-0.002812362905713921,0.001422785996313714,0.0005625725041041652,0.01114604583745401,-0.02897120826803997
2022-05-30,0.003877534531222696,0.005401798376743571,0.003222930104646846,-0.0060817670970017244,-0.026165186229699575
2022-05-27,-0.007008781566775561,0.005069834081750327,0.000889453468566736,0.003125641608279028,-0.023551597902793184
2022-05-26,-0.01692710517661938,0.00024835590891769677,0.0002883624557726734,0.0009138473676432073,-0.018462425250893175
2022-05-25,-0.0010578260273649439,-0.0016678758289789628,-0.002746754358389859,-0.000766867259745844,-0.02597856020626037
2022-05-24,-0.008057416004771993,0.002590300985946521,0.005099882590617164,0.003364155314534302,-0.022564651943338784
2022-05-23,-0.008595227853487616,-0.0045233568857690355,0.0036324508395341173,-0.0024070287422506987,-0.01313182069942687
2022-05-20,-0.0005825990255239468,0.0029365078906582608,0.0005372711928458669,0.0018258761680142728,-0.019802298291621962
2022-05-19,0.0006900470196077209,-0.0010151490390089533,-0.005958246574778529,0.00288034341612372,-0.020499741941411038
2022-05-18,-9.656382090169474e-05,-0.003704506782720867,0.0010095842699264304,0.010323891820010417,-0.02479340680261164
2022-05-17,0.0006988688465428376,0.002800102524644239,-0.0029055810108938344,-0.008404964922174218,-0.021696457749078024
2022-05-16,-0.004860370845216114,-0.0014892098436306098,-0.010128933136319546,0.0030196068843612927,-0.02698422367526031
2022-05-13,-0.015663960255079473,0.020522050651754793,0.004513896498603755,0.01031730766611377,-0.024514154392140008
2022-05-12,-0.001765672057250595,0.008987726575440056,-0.003113372397100263,0.0006588644194922533,-0.03312937403654405
2022-05-11,-0.0031911097118820526,0.0023290628344994524,-0.006542317537936607,0.00047986897181659036,-0.01904569870167876
2022-05-10,-0.0046423518823379565,-0.0002491592235737768,-0.008434851350741164,-0.0033079158065440757,-0.023307182086168336
2022-05-09,-0.010802648763532876,-0.005503488260810212,0.010620777047794506,0.0016476439822482357,-0.0017099017111728426
2022-05-06,-0.001099054169313294,0.0016028432794190865,0.0004193042809483373,0.002552531652937127,-0.0202629672262707
2022-05-05,0.004013224917639243,-0.011189974752217858,0.003957124516690597,-0.006913523148576454,-0.019997392086895948
2022-05-04,-0.009877027398528797,0.004620725472427438,-0.0010328578840549491,0.0026972874059326838,-0.023715091204231275
2022-04-29,0.0034512806711442653,0.0073074464914199095,-0.0019487042899103623,0.0006465050270654097,-0.025950826277456616
2022-04-28,-0.003000368112259245,0.00037990182038919254,-0.006323794998025653,-0.0008675710420526926,-0.02555300704517518
2022-04-27,0.0019935626462963124,-0.004028261136197896,0.001168105274564764,0.004616578650879148,-0.029280578379003906
2022-04-26,0.012327117483260356,-0.0029804741822531404,0.0032117248176337814,-0.0019693507582610762,-0.023625268598183834
2022-04-25,0.0033778249989582904,0.0017477413055165508,0.006572825517905796,-0.004165937961399626,-0.019884107137543773
2022-04-22,-0.0018895858952493398,-0.006326948596765344,-0.0010987976636302017,-0.0026739237380479326,-0.024276844955606253
2022-04-21,0.0037531884682357308,-0.00118543946680866,0.002165698164055361,-0.002055397773616412,-0.029977853013780892
2022-04-20,0.009379354365492034,-0.0025720835333221483,-0.0051925448879427405,-0.004369273841622063,-0.02698037557828717
2022-04-19,5.261414615472665e-05,0.0024750803952956423,-8.564450121066147e-05,-2.253982974647202e-05,-0.02534254753428003
2022-04-18,0.0005044127543846054,-0.00042525539618179357,-0.0023476693087839395,0.004442034396851786,-0.025577503024424426
2022-04-15,0.0071843147123718,-0.00025855045215525223,0.002645997921647806,-0.0036795493590214274,-0.027607828286391873
2022-04-14,-0.002005693119701746,-0.0017764221553983818,0.0012727974246678885,-0.005659251048900242,-0.026649342726652422
2022-04-13,-0.0020276142538151387,-0.004190150929928178,0.0002526740031213769,-0.002624235626434555,-0.02459
2022-04-12,-0.004834440071906361,-0.002990397583120498,-0.002492457504624975,0.00020854115789237766,-0.024505972152091826
2022-04-11,0.0059496821527974,0.0034277162703750296,0.004551746752386359,-0.00949537671383515,-0.026394790418238497
2022-04-08,0.005402038327743356,0.0014624405001289493,0.0012085722365273509,0.0131630989585049,-0.023826538752754364
2022-04-07,-0.0020524324946335445,0.004927356995169028,-0.0003277756171718517,0.011423720216790103,-0.025644861587967024
2022-04-06,0.00277335413457774,0.001364980475766188,-0.004202796240311406,0.001502753308439715,-0.026908883893068204
2022-04-05,0.00733221402773411,0.005369496164623743,-0.004355292189296402,0.003261092256818445,-0.02558282135600052
2022-04-04,0.008091144159472687,-0.007381058160128493,0.0139335756113095,-0.005651178174564764,-0.028593155356014123
2022-04-01,-0.00033088155354520847,0.0011619275214768408,-0.0004842974189872616,0.00030006552254500186,-0.022890501782164875
2022-03-31,0.011840443469955239,-0.00801562700468892,0.008045659462801393,0.00012053388434327475,-0.026368429589396093
2022-03-30,0.006878680447172122,-0.0023718369246142164,-0.005652274507599484,0.01713576525416303,-0.029610454669214036
2022-03-29,-0.004755023371125209,0.0007909485071098906,0.0036684719687073647,-0.0019965377947672386,-0.0267681631892845
2022-03-28,-0.012618243225765708,0.009458691913460689,-0.0014840806070532007,-0.0018265262900672326,-0.030539810995348013
2022-03-25,-0.001667040709004977,0.006822024856112512,0.00578451079995802,-0.006540069416459644,-0.02711089800652193
2022-03-24,-0.006732315821409466,-0.002729404481983601,-0.0006467498993670932,-0.00828721942286723,-0.0276679172128365
2022-03-23,0.003397056549814645,-0.0002059509253595368,-0.003217016734932915,-0.0015579305753679372,-0.022771180559149742
2022-03-22,-0.0004702432526649073,-0.0074328059011285015,0.007911318016994323,-0.0002486336140993372,-0.005044813725014766
2022-03-21,0.0015309312941396624,-0.006596005094760992,-0.003587028537158157,0.00022182928807546127,-0.020541479941654103
2022-03-18,0.006161007464250362,0.00041824343916782233,-0.005206597798028297,0.0055796261894675145,-0.023500643694775322
2022-03-17,-0.0026612349452977907,0.003145803530314986,-0.007049379923473701,-0.004198852765306654,-0.01978864448896543
2022-03-16,0.014173841852352556,-0.0030103350892952394,0.004612426994013235,-0.0013583952950057335,-0.03857655644037232
2022-03-15,-0.012858626141293007,0.00915738274337986,0.01156138670076707,0.008124008642805557,-0.029645204467025385
2022-03-14,0.015036788155330265,-0.0018420431286622343,-0.00636546571894772,-0.0010512865304448324,-0.02874449458154131
2022-03-11,0.011017904699137052,-0.009362771401324792,-0.0066476317317342055,0.008121621772601907,-0.027923750606279333
2022-03-10,-0.003164965214282981,0.012424472802519395,0.006562012814426598,0.0033481815932943472,-0.0292977018426893
2022-03-09,-0.025031965446325403,0.01663920028354983,-0.003138865841572741,0.002988120617946028,0.00014882630968328717
2022-03-08,0.0018807848567052405,0.004704844780659356,0.0004476403823322375,-0.011512491180182225,-0.03873498319230405
2022-03-07,0.0014264274113984612,0.00342737127276816,-0.002151265017066544,-0.015159948889458,-0.04366829371038868
2022-03-04,-0.018340498352367885,-0.016960465857628466,0.010129534604422447,-0.0017176613494117518,0.006350413790548383
2022-03-03,-0.01516772126732394,-0.009651329810536093,0.01324732354808495,-0.0019212738027343489,-0.017281159322580085
2022-03-02,-0.0002895026210959911,-0.013425381057768256,-0.009186496648399656,0.0007770721636108004,-0.015225416380026616
2022-03-01,-0.025039325479410415,0.011458128264336235,0.014179338858254958,0.0020704024086215366,-0.016946004399968632
2022-02-28,-0.02268058329517697,0.008329814942690774,0.012242207095387503,0.0016496979140199035,-0.02278861437434053
2022-02-25,-0.015162309377262422,0.014160270206087396,-0.0015968297073055482,0.012152548336263343,-0.015683588023600356
2022-02-24,0.0036726650559246706,0.007341353009496347,0.0057777161173657825,0.007579407232440744,-0.0404049697540093
2022-02-23,-0.034834774786697234,-0.005053714542623145,0.010324376514325077,0.0231799056918014,0.019320888389369614
2022-02-22,0.008269912193612628,0.011546684999125279,0.005657698080902688,-0.0009930922360942493,-0.022655434100166807
2022-02-21,-0.007251368860600519,-0.002087395641262301,0.004247164850319306,0.005197967619818346,-0.0140294693577196
2022-02-18,-0.0052242311814020915,0.006075459545341225,0.002435779480959003,0.0030808399909875842,-0.018627367655666922
2022-02-17,-0.0035217482020679903,0.007151536560370328,-0.0008775099592613223,-0.0001559103814102042,-0.0198942938222157
2022-02-16,-0.005070405856770157,0.005872624729808934,0.0028091756461201068,-0.00196898160164236,-0.0241805349178447
2022-02-15,-0.0007078755390206836,-0.002647252662905069,0.0021772347370668426,0.003951375059024865,-0.023177859081151143
2022-02-14,-0.002037529764139302,-0.001360687148863359,0.0025401818629985735,-0.005608522951711523,-0.016298151647476843
2022-02-11,-0.0052894150692933805,-0.001821428687788989,-0.0011980977948493408,0.0006137139012607241,-0.017531063991819112
2022-02-10,-0.006626449412742747,0.0001192403822848024,-0.0011371428760955542,0.006513443429706462,-0.020051553986147844
2022-02-09,0.01087217606737043,0.001393016060245774,0.0005618908744014573,-0.007000146084305199,-0.02632392436248656
2022-02-08,5.62596882656397e-05,-0.002285527968932883,-0.002992569229161357,-0.002534963703128242,-0.020885405603789396
2022-02-07,0.002108211278749491,-0.0037628278772247345,-0.003941013286860854,0.00745237831814594,-0.02598752071410377
2022-02-04,0.00033139605066597605,0.003949372039137755,0.0014113421368210366,0.00032292775045723345,-0.023667621879585217
2022-02-03,0.005954819224363523,-0.009254345677549932,-0.004580643135443734,0.00263992387474438,-0.026107897894884054
2022-02-02,0.0028794790622631667,-0.011346876932759015,0.0006079658766593603,-0.0014880971771857356,-0.024516360894073913
2022-02-01,0.0029080759022917894,0.0016606698730822654,0.0033398807906845377,-0.002487229902191226,-0.02699915101999137
2022-01-31,0.009323398995611337,-0.004943779718371321,-0.0012763190875628243,-0.0019212852717525883,-0.022479911397947555
2022-01-28,0.0013044538830224066,0.002357882512729674,-0.005254315930361683,-0.001648288545879032,-0.029552687724772472
2022-01-27,-0.0033530960627079086,0.0026459521259476295,0.004855702295979002,0.0063939195769235286,-0.027352841760547295
2022-01-26,0.0007154466757029096,0.0010712180480951198,0.00018010104196330978,0.006006860485257259,-0.023893171548275624
2022-01-25,0.002120171969320109,-0.002768552350484145,0.0031097587746915355,-0.0029577902348928474,-0.02419120976980503
2022-01-24,-0.0034260360231938352,-0.0028603494580779444,-4.423202775217551e-07,0.0034487841890111603,-0.019629754892161552
2022-01-21,-0.005042872452251149,0.0010494943635407908,0.004224391174207962,0.010750258310354834,-0.02068619733158831
2022-01-20,0.010156266771047969,0.004209189247990807,0.001637881399878696,0.0023439078180186052,-0.023341254043693284
2022-01-19,0.01190681767099282,-0.01044899981864253,-0.0044642275028183385,-0.003007802916893461,-0.025694555579023736
2022-01-18,0.01881825573768714,-0.002052942980544978,-0.003542930484176479,-0.012992852676348574,-0.02059148053059785
2022-01-17,0.008381716723636502,0.0013890998840496143,0.0015365281521246936,-0.0002688811908322991,-0.022601714839791964
2022-01-14,0.0063788424403355345,0.006336393930288542,-0.0011368610425016787,-0.0018084332126922145,-0.02181748484835284
2022-01-13,0.01771108978571774,-0.0048504663584780505,-0.010115770639536309,-0.00223455469710665,-0.03702414324692345
2022-01-12,0.0051805781014055245,-0.0008375710339386679,-0.00266208865200746,0.008998791637481483,-0.026893331881097163
2022-01-10,0.0034319611403570566,-0.0013340378704850618,-0.002942296821243124,-0.001771969727230053,-0.026021937498799167
2022-01-07,0.008180488897280458,0.002130493607111146,-0.0006007702824117364,0.0012450611915300314,-0.02365179235832482
2022-01-06,0.006203268990894257,0.00796509187444494,-0.0004971266462946754,0.0018659401178597644,-0.031029119813018258
2022-01-05,-0.007388741417977904,0.008755704611357131,-0.005532380550148211,0.002279277182486373,-0.028704965542828653
2022-01-04,0.0017532177846580222,-0.001844518372005385,-0.0009586991338931632,-0.0029033724232575284,-0.023774177883215463
2022-01-03,0.006059689666513197,-0.0038264527768406883,-0.006927917444869747,-0.011528772036292378,-0.021518732023544717
2021-12-31,0.0024262584716093416,-0.004712320840885118,-0.002070089111681521,-0.003187179425118015,-0.018404788877198174
2021-12-30,0.0057405734746999735,0.0054418125712599056,0.012598816768657943,0.001882955034905373,-0.01959324669569221
2021-12-29,-0.0030057597561624896,-0.0007243439370352599,-0.0009057079395325592,-0.003520433728188914,-0.024211094808286236
2021-12-28,0.011764314466954848,0.0007717711360724459,-0.0011351324526341806,-0.004398183093929047,-0.031081390374331695
2021-12-27,0.0017143408170305146,0.0013117931391147639,-0.005978579800923211,0.0006942511429835776,-0.026478964297007943
